timestamp,label,nof_ues,cqi,pusch_snr,pucch_snr,dl_ok,dl_nok,dl_bler
1777571378.487096492,Random,1,50,0.0,3.0,3,5,.6250
1777571379.482187857,Random,1,50,0.0,4.1,3,2,.4000
1777571380.481281762,Random,1,50,31.6,4.4,0,0,0.0
1777571381.480850211,Random,1,49,0.0,3.9,4,4,.5000
1777571382.474361028,Random,1,50,30.8,4.4,0,0,0.0
1777571383.483581618,Random,1,49,0.0,4.4,2,3,.6000
1777571384.484809535,Random,1,50,0.0,5.4,2,1,.3333
1777571385.483130712,Random,1,50,0.0,3.6,2,0,0
1777571386.478840803,Random,1,50,0.0,5.0,0,0,0.0
1777571387.483323519,Random,1,50,0.0,5.6,3,3,.5000
1777571388.484576527,Random,1,50,0.0,4.2,0,5,1.0000
1777571389.473870567,Random,1,50,0.0,4.4,0,0,0.0
1777571390.481724534,Random,1,49,30.3,4.8,6,2,.2500
1777571391.483717523,Random,1,50,0.0,4.1,2,1,.3333
1777571392.481779614,Random,1,49,0.0,4.4,1,1,.5000
1777571393.483486677,Random,1,38,0.0,-0.6,3,2,.4000
1777571394.483113117,Random,1,49,0.0,4.3,4,4,.5000
1777571395.481557899,Random,1,50,0.0,4.3,2,1,.3333
1777571396.482581722,Random,1,50,0.0,4.9,0,0,0.0
1777571397.476990970,Random,1,50,0.0,5.3,0,0,0.0
1777571398.488247383,Random,1,50,30.8,4.5,0,0,0.0
1777571399.478894801,Random,1,50,0.0,5.0,0,0,0.0
1777571400.481913543,Random,1,50,0.0,3.7,0,0,0.0
1777571401.480106278,Random,1,50,0.0,3.8,1,1,.5000
1777571402.485719052,Random,1,50,0.0,5.5,2,1,.3333
1777571403.481998829,Random,1,49,7.1,4.7,3,5,.6250
1777571404.483825019,Random,1,50,31.0,3.6,4,3,.4285
1777571405.479361550,Random,1,49,0.0,4.1,2,4,.6666
1777571406.481605204,Random,1,50,29.9,4.2,0,0,0.0
1777571407.479898567,Random,1,50,0.0,4.0,0,0,0.0
1777571408.477390105,Random,1,50,0.0,4.3,0,0,0.0
1777571409.487222138,Random,1,50,0.0,4.6,3,4,.5714
1777571410.486157048,Random,1,50,0.0,4.2,2,1,.3333
1777571411.481888014,Random,1,49,0.0,3.2,4,1,.2000
1777571412.488916893,Random,1,50,0.0,4.9,3,2,.4000
1777571413.483994869,Random,1,50,0.0,4.8,1,1,.5000
1777571414.478216688,Random,1,50,29.9,4.0,0,0,0.0
1777571415.482568164,Random,1,50,0.0,3.6,4,4,.5000
1777571416.474687803,Random,1,50,0.0,4.8,0,0,0.0
1777571417.481168711,Random,1,49,0.0,4.4,7,4,.3636
1777571418.485267024,Random,1,50,28.9,5.1,2,1,.3333
1777571419.488652649,Random,1,49,30.4,4.8,2,2,.5000
1777571420.484152665,Random,1,50,2.8,5.6,2,2,.5000
1777571421.479044489,Random,1,50,0.0,4.5,0,0,0.0
1777571422.481276062,Random,1,50,12.1,4.1,0,0,0.0
1777571423.484155396,Random,1,50,30.8,6.2,0,0,0.0
1777571424.485657062,Random,1,49,0.0,4.0,5,7,.5833
1777571425.485151771,Random,1,50,0.0,5.5,3,1,.2500
1777571426.476633529,Random,1,50,0.0,5.2,3,10,.7692
1777571427.481910737,Random,1,49,28.7,3.4,1,1,.5000
1777571428.489129995,Random,1,50,31.8,5.1,1,1,.5000
1777571429.478800793,Random,1,50,0.0,4.0,1,1,.5000
1777571430.479899645,Random,1,50,0.0,4.5,0,0,0.0
1777571431.482762303,Random,1,49,0.0,4.2,3,3,.5000
1777571432.484794252,Random,1,50,0.0,4.8,3,2,.4000
1777571433.481623181,Random,1,50,0.0,4.0,4,3,.4285
1777571434.483910524,Random,1,50,0.0,5.4,2,0,0
1777571435.496763104,Random,1,50,0.0,4.2,3,3,.5000
1777571436.485524365,Random,1,50,0.0,4.3,2,2,.5000
1777571437.487208685,Random,1,49,2.4,4.1,2,2,.5000
1777571438.488639808,Random,1,49,0.0,4.5,4,4,.5000
1777571439.481841458,Random,1,49,0.0,4.6,0,0,0.0
1777571440.484633063,Random,1,41,0.0,1.6,2,2,.5000
1777571441.483575066,Random,1,49,0.0,3.8,2,4,.6666
1777571442.477153740,Random,1,50,0.0,5.1,0,0,0.0
1777571443.483680647,Random,1,50,0.0,4.2,1,1,.5000
1777571444.480606667,Random,1,50,0.0,3.2,4,5,.5555
1777571445.481322560,Random,1,49,0.0,2.9,5,10,.6666
1777571446.474700673,Random,1,50,0.0,4.5,0,0,0.0
1777571447.478314874,Random,1,50,0.0,4.3,0,0,0.0
1777571448.479692782,Random,1,49,0.0,4.0,4,4,.5000
1777571449.480994485,Random,1,50,0.0,5.0,0,0,0.0
1777571450.481118626,Random,1,50,31.6,5.0,0,0,0.0
1777571451.480750089,Random,1,50,0.0,4.6,3,2,.4000
1777571452.482414897,Random,1,48,0.0,4.3,4,3,.4285
1777571453.479346995,Random,1,50,30.5,4.4,0,0,0.0
1777571454.487912029,Random,1,50,0.0,3.4,6,5,.4545
1777571455.482895746,Random,1,43,29.3,1.5,1,6,.8571
1777571456.479714030,Random,1,46,0.0,3.0,3,2,.4000
1777571457.482541478,Random,1,49,30.6,3.6,3,2,.4000
1777571458.491430676,Random,1,49,0.0,4.6,2,1,.3333
1777571459.483364019,Random,1,50,29.4,4.7,4,3,.4285
1777571460.484084997,Random,1,49,0.0,4.8,2,2,.5000
1777571461.481929414,Random,1,50,29.7,4.5,0,0,0.0
1777571462.477043687,Random,1,50,30.4,4.8,0,0,0.0
1777571463.486332341,Random,1,49,0.0,3.1,4,5,.5555
1777571464.486181686,Random,1,49,0.0,4.8,3,2,.4000
1777571465.484575821,Random,1,50,0.0,4.3,2,2,.5000
1777571466.481809836,Random,1,50,0.0,4.7,0,0,0.0
1777571467.485491183,Random,1,50,0.0,5.4,2,1,.3333
1777571468.485901926,Random,1,43,0.0,2.3,1,0,0
1777571469.480139885,Random,1,50,0.0,4.0,4,3,.4285
1777571470.482796227,Random,1,50,0.0,5.6,0,0,0.0
1777571471.485803305,Random,1,42,0.0,2.0,0,0,0.0
1777571472.489533269,Random,1,50,30.0,4.5,2,3,.6000
1777571473.486119423,Random,1,50,29.0,5.0,1,0,0
1777571474.480876455,Random,1,50,0.0,4.9,4,4,.5000
1777571475.486570819,Random,1,49,0.0,3.9,4,2,.3333
1777571476.482161673,Random,1,50,28.9,4.6,1,1,.5000
1777571477.482238399,Random,1,49,0.0,3.9,2,1,.3333
1777571478.486416893,Random,1,49,30.0,3.6,2,0,0
1777571479.487751879,Random,1,50,0.0,4.2,2,0,0
1777571480.484705035,Random,1,50,0.0,4.2,3,4,.5714
1777571481.484199914,Random,1,50,0.0,4.4,3,3,.5000
1777571482.484386829,Random,1,49,30.3,4.4,2,1,.3333
1777571483.485043361,Random,1,50,-4.9,3.7,2,3,.6000
1777571484.484976477,Random,1,50,0.0,3.4,3,2,.4000
1777571485.487180236,Random,1,50,28.1,4.3,2,2,.5000
1777571486.486732846,Random,1,40,0.0,0.5,6,5,.4545
1777571487.479898244,Random,1,49,1.0,4.3,1,1,.5000
1777571488.487192634,Random,1,50,0.0,4.3,2,2,.5000
1777571489.483755998,Random,1,49,0.0,4.4,2,2,.5000
1777571490.488853066,Random,1,49,0.0,4.6,2,2,.5000
1777571491.484693928,Random,1,50,0.0,4.6,2,1,.3333
1777571492.486636284,Random,1,50,-0.5,4.1,2,8,.8000
1777571493.488771614,Random,1,50,0.0,4.5,2,1,.3333
1777571494.485841875,Random,1,50,30.8,4.5,2,1,.3333
1777571495.487352959,Random,1,49,0.0,4.7,4,2,.3333
1777571496.481716388,Random,1,50,29.4,4.1,0,0,0.0
1777571509.483947234,Reactive,1,50,30.1,4.6,2,2,.5000
1777571510.485904448,Reactive,1,50,0.0,5.0,3,2,.4000
1777571511.480247705,Reactive,1,50,29.9,4.9,2,1,.3333
1777571512.480368925,Reactive,1,50,0.0,4.9,0,0,0.0
1777571513.479848635,Reactive,1,50,0.0,3.9,1,0,0
1777571514.487614464,Reactive,1,50,30.4,5.1,3,2,.4000
1777571515.482065938,Reactive,1,50,0.0,4.0,0,0,0.0
1777571516.486492795,Reactive,1,50,0.0,4.3,1,1,.5000
1777571517.479397489,Reactive,1,50,11.8,4.5,0,0,0.0
1777571518.486305572,Reactive,1,50,0.0,4.4,4,1,.2000
1777571519.485287649,Reactive,1,49,31.7,4.5,4,2,.3333
1777571520.484783792,Reactive,1,50,0.0,4.5,0,0,0.0
1777571521.484657226,Reactive,1,49,0.0,5.2,4,0,0
1777571522.479957271,Reactive,1,50,0.0,4.3,3,2,.4000
1777571523.482225720,Reactive,1,50,0.0,4.6,2,2,.5000
1777571524.484500557,Reactive,1,50,0.0,4.2,2,1,.3333
1777571525.484137262,Reactive,1,50,0.0,4.4,2,0,0
1777571526.491632267,Reactive,1,50,0.0,3.9,2,0,0
1777571527.488675423,Reactive,1,50,0.0,3.7,3,1,.2500
1777571528.485890790,Reactive,1,49,0.0,4.3,5,2,.2857
1777571529.488118994,Reactive,1,50,0.0,5.0,1,1,.5000
1777571530.483058017,Reactive,1,50,0.0,5.1,2,0,0
1777571531.486450269,Reactive,1,50,30.3,5.0,2,1,.3333
1777571532.480636975,Reactive,1,49,0.0,4.2,3,1,.2500
1777571533.486204978,Reactive,1,45,0.0,3.2,2,1,.3333
1777571534.487668246,Reactive,1,42,0.0,0.4,1,6,.8571
1777571535.482734048,Reactive,1,49,0.0,3.7,3,1,.2500
1777571536.484668903,Reactive,1,50,0.0,4.4,2,1,.3333
1777571537.485963744,Reactive,1,50,0.0,5.0,2,1,.3333
1777571538.481944687,Reactive,1,49,0.0,4.2,5,0,0
1777571539.484951168,Reactive,1,50,0.0,4.6,3,0,0
1777571540.479898252,Reactive,1,50,0.0,5.0,0,0,0.0
1777571541.480987844,Reactive,1,50,0.0,4.3,0,0,0.0
1777571542.484104390,Reactive,1,49,31.5,3.8,2,2,.5000
1777571543.485470989,Reactive,1,50,0.0,5.1,1,0,0
1777571544.489203555,Reactive,1,50,0.0,4.1,1,0,0
1777571545.481412240,Reactive,1,49,0.0,4.4,4,1,.2000
1777571546.481995273,Reactive,1,50,0.0,3.8,6,5,.4545
1777571547.484796928,Reactive,1,50,0.0,4.2,3,1,.2500
1777571548.485040754,Reactive,1,49,0.0,2.5,4,10,.7142
1777571549.482430133,Reactive,1,50,0.0,3.6,7,3,.3000
1777571550.486981234,Reactive,1,50,0.0,4.1,3,1,.2500
1777571551.482411168,Reactive,1,50,0.0,4.4,2,1,.3333
1777571552.485391147,Reactive,1,50,0.0,3.1,5,3,.3750
1777571553.484949565,Reactive,1,50,0.0,4.3,1,0,0
1777571554.480696128,Reactive,1,50,0.0,4.5,6,4,.4000
1777571555.485860734,Reactive,1,49,0.0,4.0,3,3,.5000
1777571556.486738297,Reactive,1,49,0.0,4.2,5,1,.1666
1777571557.486511194,Reactive,1,50,2.0,5.4,1,0,0
1777571558.482396132,Reactive,1,50,2.8,4.7,1,0,0
1777571559.483915482,Reactive,1,49,30.8,4.5,3,2,.4000
1777571560.481337091,Reactive,1,50,0.0,4.8,6,3,.3333
1777571561.487493483,Reactive,1,49,0.0,3.6,2,0,0
1777571562.482529557,Reactive,1,50,0.0,4.1,0,5,1.0000
1777571563.485599418,Reactive,1,42,0.0,1.9,1,5,.8333
1777571564.480656812,Reactive,1,50,0.0,4.8,2,1,.3333
1777571565.486293853,Reactive,1,50,0.0,4.9,6,3,.3333
1777571566.480443325,Reactive,1,50,0.0,3.6,0,0,0.0
1777571567.483124012,Reactive,1,50,0.0,5.4,4,0,0
1777571568.479296544,Reactive,1,50,32.6,4.7,0,0,0.0
1777571569.487779061,Reactive,1,49,0.0,3.9,4,2,.3333
1777571570.483131739,Reactive,1,50,0.0,4.6,1,1,.5000
1777571571.489125487,Reactive,1,50,0.0,5.2,4,3,.4285
1777571572.483274146,Reactive,1,50,29.3,3.6,4,2,.3333
1777571573.487764527,Reactive,1,44,0.0,1.8,5,2,.2857
1777571574.481729356,Reactive,1,50,0.0,4.2,0,0,0.0
1777571575.482714337,Reactive,1,50,0.0,4.1,6,2,.2500
1777571576.484815606,Reactive,1,50,29.3,4.8,1,0,0
1777571577.479427080,Reactive,1,50,0.0,4.8,0,0,0.0
1777571578.481818081,Reactive,1,50,0.0,3.9,5,1,.1666
1777571579.478615173,Reactive,1,50,3.2,4.6,0,0,0.0
1777571580.482604528,Reactive,1,49,0.0,3.4,5,3,.3750
1777571581.480478291,Reactive,1,50,0.0,4.6,1,1,.5000
1777571582.484603646,Reactive,1,50,0.0,4.0,1,1,.5000
1777571583.478844342,Reactive,1,50,29.4,3.3,1,1,.5000
1777571584.480722465,Reactive,1,50,30.6,4.3,1,1,.5000
1777571585.479841308,Reactive,1,49,0.0,4.1,5,2,.2857
1777571586.474169299,Reactive,1,50,0.0,5.6,0,0,0.0
1777571587.485541704,Reactive,1,50,0.0,4.6,2,0,0
1777571588.480906556,Reactive,1,50,0.0,4.7,3,0,0
1777571589.486491986,Reactive,1,50,0.0,4.3,4,4,.5000
1777571590.478428837,Reactive,1,50,0.0,4.5,2,0,0
1777571591.483860101,Reactive,1,50,0.0,2.4,3,2,.4000
1777571592.483357854,Reactive,1,49,0.0,4.0,6,4,.4000
1777571593.487497274,Reactive,1,50,0.0,4.0,4,4,.5000
1777571594.482574684,Reactive,1,50,0.0,4.4,2,2,.5000
1777571595.481965492,Reactive,1,49,3.7,3.5,4,1,.2000
1777571596.479078728,Reactive,1,49,3.1,4.1,4,5,.5555
1777571597.483639001,Reactive,1,50,0.0,3.6,2,1,.3333
1777571598.483512766,Reactive,1,50,0.0,3.6,0,1,1.0000
1777571599.476656570,Reactive,1,50,2.9,3.6,4,0,0
1777571600.485269246,Reactive,1,50,0.0,3.3,1,1,.5000
1777571601.481581949,Reactive,1,49,29.3,4.4,2,2,.5000
1777571602.483974206,Reactive,1,50,0.0,5.4,1,0,0
1777571603.481949866,Reactive,1,50,33.5,5.7,3,1,.2500
1777571604.480938946,Reactive,1,42,0.0,0.4,1,5,.8333
1777571605.484167108,Reactive,1,50,0.0,4.2,2,1,.3333
1777571606.483884372,Reactive,1,49,0.0,3.4,4,0,0
1777571607.487611296,Reactive,1,50,0.0,4.5,4,1,.2000
1777571608.483690749,Reactive,1,50,0.0,4.9,2,1,.3333
1777571609.484223190,Reactive,1,50,0.0,3.5,4,3,.4285
1777571610.482781016,Reactive,1,50,0.0,4.9,1,0,0
1777571611.484648828,Reactive,1,50,0.0,4.6,3,2,.4000
1777571612.481425568,Reactive,1,50,0.0,4.2,0,5,1.0000
1777571613.484994376,Reactive,1,50,0.0,3.7,4,6,.6000
1777571614.486422168,Reactive,1,50,0.0,5.1,2,1,.3333
1777571615.484309331,Reactive,1,50,0.0,4.8,0,0,0.0
1777571616.492320769,Reactive,1,49,29.9,4.6,1,1,.5000
1777571617.494291169,Reactive,1,50,2.2,4.3,2,1,.3333
1777571618.484905380,Reactive,1,50,0.0,3.9,3,2,.4000
1777571619.483152555,Reactive,1,50,0.0,4.9,2,0,0
1777571620.484698961,Reactive,1,50,30.5,5.3,3,2,.4000
1777571621.484024464,Reactive,1,49,29.6,3.7,6,3,.3333
1777571622.487927351,Reactive,1,50,0.0,3.7,5,1,.1666
1777571623.481555995,Reactive,1,40,0.0,1.5,0,0,0.0
1777571624.486536706,Reactive,1,49,30.3,4.2,8,2,.2000
1777571625.486679249,Reactive,1,50,30.5,4.1,3,0,0
1777571626.484327410,Reactive,1,50,0.0,5.5,2,0,0
1777571627.484436710,Reactive,1,49,0.0,3.9,2,0,0
1777571640.483723559,Deceptive,1,50,0.0,4.4,0,0,0.0
1777571641.484530235,Deceptive,1,50,30.9,4.9,0,0,0.0
1777571642.478657409,Deceptive,1,50,0.0,5.0,0,0,0.0
1777571643.480039303,Deceptive,1,50,0.0,4.8,0,0,0.0
1777571644.475699397,Deceptive,1,50,29.8,4.9,0,0,0.0
1777571645.482108311,Deceptive,1,50,0.0,5.4,0,0,0.0
1777571646.479890241,Deceptive,1,50,0.0,4.4,0,0,0.0
1777571647.471097763,Deceptive,1,50,0.0,4.6,0,0,0.0
1777571648.480205227,Deceptive,1,50,0.0,5.1,0,0,0.0
1777571649.477914198,Deceptive,1,50,0.0,4.9,0,0,0.0
1777571650.477312477,Deceptive,1,50,0.0,4.0,0,0,0.0
1777571651.478889372,Deceptive,1,50,0.0,5.5,0,0,0.0
1777571652.477121410,Deceptive,1,50,31.1,5.7,0,0,0.0
1777571653.477199617,Deceptive,1,50,0.0,4.6,0,0,0.0
1777571654.483129591,Deceptive,1,50,0.0,5.1,0,0,0.0
1777571655.479779174,Deceptive,1,50,31.0,4.7,0,0,0.0
1777571656.480673577,Deceptive,1,50,0.0,4.6,0,0,0.0
1777571657.476325952,Deceptive,1,50,0.0,5.4,0,0,0.0
1777571658.478210099,Deceptive,1,50,29.7,4.5,0,0,0.0
1777571659.479208284,Deceptive,1,50,0.0,4.9,0,0,0.0
1777571660.475034546,Deceptive,1,50,0.0,4.6,0,0,0.0
1777571661.477182701,Deceptive,1,50,0.0,5.4,0,0,0.0
1777571662.478052207,Deceptive,1,50,0.0,4.0,0,0,0.0
1777571663.476511714,Deceptive,1,50,0.0,4.3,0,0,0.0
1777571664.480484722,Deceptive,1,50,0.0,4.2,0,0,0.0
1777571665.481501325,Deceptive,1,50,0.0,4.6,0,0,0.0
1777571666.481624664,Deceptive,1,50,0.0,5.0,0,0,0.0
1777571667.480749109,Deceptive,1,50,0.0,5.3,0,0,0.0
1777571668.478420015,Deceptive,1,42,30.9,1.5,0,0,0.0
1777571669.483702865,Deceptive,1,50,0.0,4.4,0,0,0.0
1777571670.480229106,Deceptive,1,50,29.8,5.1,0,0,0.0
1777571671.480122280,Deceptive,1,50,29.5,5.6,0,0,0.0
1777571672.483614662,Deceptive,1,50,30.8,4.4,0,0,0.0
1777571673.480210861,Deceptive,1,50,0.0,4.3,0,0,0.0
1777571674.480246997,Deceptive,1,50,0.0,4.8,0,0,0.0
1777571675.483036902,Deceptive,1,50,0.0,4.5,0,0,0.0
1777571676.484416081,Deceptive,1,50,0.0,5.4,0,0,0.0
1777571677.487130778,Deceptive,1,50,0.0,5.3,0,0,0.0
1777571678.484012877,Deceptive,1,50,0.0,4.8,0,0,0.0
1777571679.479332618,Deceptive,1,50,0.0,4.6,0,0,0.0
1777571680.483955612,Deceptive,1,50,0.0,4.3,0,0,0.0
1777571681.482722642,Deceptive,1,50,0.0,5.1,0,0,0.0
1777571682.478212330,Deceptive,1,50,0.0,4.8,0,0,0.0
1777571683.476092697,Deceptive,1,50,0.0,5.1,0,0,0.0
1777571684.481124937,Deceptive,1,50,0.0,4.0,0,0,0.0
1777571685.485480224,Deceptive,1,50,0.0,4.9,0,0,0.0
1777571686.482891898,Deceptive,1,50,0.0,4.8,0,0,0.0
1777571687.479393762,Deceptive,1,50,0.0,4.6,0,0,0.0
1777571688.482694443,Deceptive,1,50,0.0,4.7,0,0,0.0
1777571689.479553733,Deceptive,1,50,0.0,4.9,0,0,0.0
1777571690.484020766,Deceptive,1,50,30.7,4.6,0,0,0.0
1777571691.482216588,Deceptive,1,50,29.6,4.7,0,0,0.0
1777571692.480634221,Deceptive,1,50,0.0,5.4,0,0,0.0
1777571693.479378317,Deceptive,1,50,29.9,4.5,0,0,0.0
1777571694.477550408,Deceptive,1,50,0.0,5.2,0,0,0.0
1777571695.480582600,Deceptive,1,50,0.0,5.0,0,0,0.0
1777571696.473132560,Deceptive,1,50,0.0,4.6,0,0,0.0
1777571697.484580353,Deceptive,1,50,0.0,5.0,0,0,0.0
1777571698.479625117,Deceptive,1,50,0.0,4.7,0,0,0.0
1777571699.482123491,Deceptive,1,43,0.0,2.1,0,0,0.0
1777571700.481968661,Deceptive,1,50,0.0,5.5,0,0,0.0
1777571701.481606699,Deceptive,1,50,0.0,5.2,0,0,0.0
1777571702.481670557,Deceptive,1,50,0.0,4.5,0,0,0.0
1777571703.475214164,Deceptive,1,50,0.0,4.6,0,0,0.0
1777571704.479702918,Deceptive,1,50,30.8,5.2,0,0,0.0
1777571705.477495659,Deceptive,1,50,31.1,4.8,0,0,0.0
1777571706.483600617,Deceptive,1,50,0.0,4.8,0,0,0.0
1777571707.478953382,Deceptive,1,50,0.0,5.0,0,0,0.0
1777571708.481557658,Deceptive,1,50,0.0,4.7,0,0,0.0
1777571709.479893447,Deceptive,1,50,30.5,4.4,0,0,0.0
1777571710.483904864,Deceptive,1,50,0.0,5.0,0,0,0.0
1777571711.486994743,Deceptive,1,50,0.0,4.7,0,0,0.0
1777571712.481763297,Deceptive,1,50,0.0,5.2,0,0,0.0
1777571713.479597310,Deceptive,1,50,0.0,5.0,0,0,0.0
1777571714.474340161,Deceptive,1,50,0.0,4.5,0,0,0.0
1777571715.479078012,Deceptive,1,50,0.0,4.6,0,0,0.0
1777571716.483648430,Deceptive,1,50,0.0,5.0,0,0,0.0
1777571717.480830694,Deceptive,1,50,30.9,4.8,0,0,0.0
1777571718.483520635,Deceptive,1,50,0.0,5.0,0,0,0.0
1777571719.484672912,Deceptive,1,50,30.6,4.9,0,0,0.0
1777571720.474896636,Deceptive,1,50,0.0,4.0,0,0,0.0
1777571721.478087464,Deceptive,1,50,0.0,4.9,0,0,0.0
1777571722.476107570,Deceptive,1,50,0.0,5.1,0,0,0.0
1777571723.477655839,Deceptive,1,50,0.0,4.5,0,0,0.0
1777571724.483415085,Deceptive,1,50,0.0,4.4,0,0,0.0
1777571725.481044086,Deceptive,1,50,0.0,5.0,0,0,0.0
1777571726.481375792,Deceptive,1,50,0.0,4.4,0,0,0.0
1777571727.478214492,Deceptive,1,50,0.0,4.9,0,0,0.0
1777571728.481648774,Deceptive,1,50,31.5,4.8,0,0,0.0
1777571729.478987917,Deceptive,1,50,0.0,4.3,0,0,0.0
1777571730.480610227,Deceptive,1,50,29.5,3.9,0,0,0.0
1777571731.483561600,Deceptive,1,50,0.0,5.1,0,0,0.0
1777571732.480137419,Deceptive,1,50,0.0,4.8,0,0,0.0
1777571733.479508668,Deceptive,1,43,0.0,2.3,0,0,0.0
1777571734.481413230,Deceptive,1,50,29.9,4.4,0,0,0.0
1777571735.480328594,Deceptive,1,50,0.0,5.0,0,0,0.0
1777571736.479622065,Deceptive,1,50,0.0,4.8,0,0,0.0
1777571737.481298513,Deceptive,1,50,31.0,5.0,0,0,0.0
1777571738.474453127,Deceptive,1,50,0.0,5.2,0,0,0.0
1777571739.479017678,Deceptive,1,50,29.9,4.5,0,0,0.0
1777571740.478597277,Deceptive,1,50,0.0,5.3,0,0,0.0
1777571741.481079055,Deceptive,1,50,0.0,4.1,0,0,0.0
1777571742.480548398,Deceptive,1,50,0.0,4.2,0,0,0.0
1777571743.486809243,Deceptive,1,50,0.0,4.6,0,0,0.0
1777571744.475973871,Deceptive,1,50,0.0,4.3,0,0,0.0
1777571745.479753004,Deceptive,1,50,0.0,4.9,0,0,0.0
1777571746.485718305,Deceptive,1,50,30.9,5.1,0,0,0.0
1777571747.481475254,Deceptive,1,50,0.0,4.0,0,0,0.0
1777571748.478482014,Deceptive,1,50,0.0,4.7,0,0,0.0
1777571749.481505611,Deceptive,1,50,0.0,4.7,0,0,0.0
1777571750.486887920,Deceptive,1,50,0.0,4.7,0,0,0.0
1777571751.476709069,Deceptive,1,50,0.0,4.6,0,0,0.0
1777571752.480672787,Deceptive,1,50,29.3,4.8,0,0,0.0
1777571753.480071312,Deceptive,1,50,0.0,4.6,0,0,0.0
1777571754.483577015,Deceptive,1,50,0.0,4.3,0,0,0.0
1777571755.482792537,Deceptive,1,50,0.0,4.7,0,0,0.0
1777571756.484308311,Deceptive,1,50,30.0,4.4,0,0,0.0
1777571757.479206346,Deceptive,1,50,0.0,3.5,0,0,0.0
1777571758.482165563,Deceptive,1,50,0.0,4.7,0,0,0.0
1777571771.487055162,PSS,1,50,0.0,4.8,0,0,0.0
1777571772.482501071,PSS,1,50,0.0,4.3,0,0,0.0
1777571773.482758782,PSS,1,50,0.0,4.7,0,0,0.0
1777571774.483636635,PSS,1,50,0.0,4.4,0,0,0.0
1777571775.479965296,PSS,1,44,-12.7,2.8,2,1,.3333
1777571776.481165123,PSS,1,50,0.0,5.1,0,0,0.0
1777571777.478068674,PSS,1,50,32.0,5.6,0,0,0.0
1777571778.484713970,PSS,1,50,0.0,4.8,0,0,0.0
1777571779.482394234,PSS,1,50,0.0,4.7,0,0,0.0
1777571780.482377836,PSS,1,50,0.0,4.7,0,0,0.0
1777571781.484227194,PSS,1,50,0.0,4.4,0,0,0.0
1777571782.480857141,PSS,1,50,0.0,4.3,0,0,0.0
1777571783.483186097,PSS,1,50,0.0,5.1,0,0,0.0
1777571784.479333460,PSS,1,50,0.0,4.5,0,0,0.0
1777571785.481595534,PSS,1,50,30.8,4.2,0,0,0.0
1777571786.478370412,PSS,1,50,29.0,4.2,0,0,0.0
1777571787.482739027,PSS,1,50,0.0,5.1,0,0,0.0
1777571788.476026787,PSS,1,50,0.0,5.2,0,0,0.0
1777571789.482577153,PSS,1,50,30.2,4.5,0,0,0.0
1777571790.481274595,PSS,1,50,0.0,4.5,0,0,0.0
1777571791.481579244,PSS,1,50,29.9,5.1,0,0,0.0
1777571792.479957560,PSS,1,50,0.0,5.3,0,0,0.0
1777571793.481410831,PSS,1,50,0.0,4.7,0,0,0.0
1777571794.478483796,PSS,1,50,0.0,5.0,0,0,0.0
1777571795.479808328,PSS,1,50,31.3,5.1,0,0,0.0
1777571796.481474525,PSS,1,50,0.0,4.2,0,0,0.0
1777571797.479689198,PSS,1,50,30.7,5.5,0,0,0.0
1777571798.482304753,PSS,1,50,0.0,4.5,0,0,0.0
1777571799.482570033,PSS,1,50,0.0,4.9,0,0,0.0
1777571800.480535810,PSS,1,50,0.0,5.8,0,0,0.0
1777571801.481457087,PSS,1,50,0.0,4.7,0,0,0.0
1777571802.481106878,PSS,1,50,30.3,4.1,0,0,0.0
1777571803.484451525,PSS,1,50,0.0,5.3,0,0,0.0
1777571804.485552688,PSS,1,50,0.0,4.1,0,0,0.0
1777571805.481917576,PSS,1,50,0.0,4.8,0,0,0.0
1777571806.482456885,PSS,1,50,0.0,4.6,0,0,0.0
1777571807.483717347,PSS,1,50,0.0,5.1,0,0,0.0
1777571808.486389082,PSS,1,50,0.0,4.7,0,0,0.0
1777571809.481152334,PSS,1,50,30.3,5.4,0,0,0.0
1777571810.483078429,PSS,1,50,30.4,4.9,0,0,0.0
1777571811.479201070,PSS,1,50,30.6,4.8,0,0,0.0
1777571812.481578276,PSS,1,50,30.6,5.4,0,0,0.0
1777571813.483079766,PSS,1,50,0.0,4.8,0,0,0.0
1777571814.482555226,PSS,1,50,0.0,4.1,0,0,0.0
1777571815.484133768,PSS,1,41,0.0,0.8,3,5,.6250
1777571816.482525587,PSS,1,50,31.4,4.6,0,0,0.0
1777571817.481733733,PSS,1,50,0.0,5.0,0,0,0.0
1777571818.488060185,PSS,1,50,0.0,5.2,0,0,0.0
1777571819.489876725,PSS,1,50,29.7,4.4,0,0,0.0
1777571820.487566696,PSS,1,50,30.5,5.3,0,0,0.0
1777571821.482387986,PSS,1,50,0.0,4.6,0,0,0.0
1777571822.488095029,PSS,1,50,0.0,4.5,0,0,0.0
1777571823.484412893,PSS,1,50,0.0,4.9,0,0,0.0
1777571824.482299617,PSS,1,50,30.7,5.0,0,0,0.0
1777571825.485822757,PSS,1,50,0.0,5.1,0,0,0.0
1777571826.481861888,PSS,1,50,0.0,4.8,0,0,0.0
1777571827.482144012,PSS,1,50,0.0,5.4,0,0,0.0
1777571828.479561388,PSS,1,50,0.0,4.2,0,0,0.0
1777571829.483424118,PSS,1,50,29.1,5.2,0,0,0.0
1777571830.482744800,PSS,1,50,0.0,4.8,0,0,0.0
1777571831.489239134,PSS,1,50,0.0,4.9,0,0,0.0
1777571832.482103936,PSS,1,50,0.0,4.9,0,0,0.0
1777571833.481739732,PSS,1,50,0.0,4.5,0,0,0.0
1777571834.479035227,PSS,1,50,0.0,5.4,0,0,0.0
1777571835.484900965,PSS,1,50,0.0,5.2,0,0,0.0
1777571836.484207859,PSS,1,50,0.0,4.1,0,0,0.0
1777571837.482593007,PSS,1,50,0.0,4.6,0,0,0.0
1777571838.486075577,PSS,1,50,0.0,4.7,0,0,0.0
1777571839.480540145,PSS,1,50,0.0,4.7,0,0,0.0
1777571840.484307025,PSS,1,50,30.8,5.0,0,0,0.0
1777571841.483151847,PSS,1,50,29.9,5.0,0,0,0.0
1777571842.483568120,PSS,1,50,0.0,4.6,0,0,0.0
1777571843.482369057,PSS,1,50,0.0,4.2,0,0,0.0
1777571844.485009595,PSS,1,50,31.0,5.2,0,0,0.0
1777571845.479668645,PSS,1,50,0.0,4.7,0,0,0.0
1777571846.480935691,PSS,1,50,0.0,5.0,0,0,0.0
1777571847.484920787,PSS,1,50,0.0,5.0,0,0,0.0
1777571848.483803877,PSS,1,50,0.0,5.0,0,0,0.0
1777571849.482394585,PSS,1,50,0.0,4.7,0,0,0.0
1777571850.478810494,PSS,1,50,0.0,5.2,0,0,0.0
1777571851.484493083,PSS,1,50,30.7,5.5,0,0,0.0
1777571852.479550976,PSS,1,50,0.0,5.5,0,0,0.0
1777571853.482432334,PSS,1,50,0.0,4.9,0,0,0.0
1777571854.483842952,PSS,1,50,0.0,4.4,0,0,0.0
1777571855.486197575,PSS,1,50,0.0,4.7,0,0,0.0
1777571856.481948134,PSS,1,50,30.2,5.1,0,0,0.0
1777571857.479711170,PSS,1,50,0.0,4.7,0,0,0.0
1777571858.483983188,PSS,1,50,31.1,4.5,0,0,0.0
1777571859.482605719,PSS,1,50,0.0,5.3,0,0,0.0
1777571860.481544304,PSS,1,50,0.0,5.1,0,0,0.0
1777571861.481525450,PSS,1,50,30.8,4.1,0,0,0.0
1777571862.485096341,PSS,1,43,0.0,3.0,0,0,0.0
1777571863.481184599,PSS,1,50,0.0,4.7,0,0,0.0
1777571864.480535941,PSS,1,50,0.0,4.2,0,0,0.0
1777571865.480314103,PSS,1,50,0.0,4.5,0,0,0.0
1777571866.483240996,PSS,1,50,0.0,4.9,0,0,0.0
1777571867.485813500,PSS,1,50,31.5,4.7,0,0,0.0
1777571868.486745679,PSS,1,50,30.5,5.0,0,0,0.0
1777571869.482962048,PSS,1,50,0.0,4.5,0,0,0.0
1777571870.481197233,PSS,1,50,0.0,4.7,0,0,0.0
1777571871.483277829,PSS,1,50,0.0,4.8,0,0,0.0
1777571872.480015439,PSS,1,50,0.0,5.5,0,0,0.0
1777571873.481506311,PSS,1,50,0.0,4.9,0,0,0.0
1777571874.480097191,PSS,1,50,30.3,4.5,0,0,0.0
1777571875.492401856,PSS,1,50,0.0,4.9,0,0,0.0
1777571876.490608874,PSS,1,50,0.0,5.1,0,0,0.0
1777571877.481763146,PSS,1,50,0.0,4.3,0,0,0.0
1777571878.484578082,PSS,1,50,29.5,4.4,0,0,0.0
1777571879.485199127,PSS,1,50,0.0,5.2,0,0,0.0
1777571880.485890284,PSS,1,50,30.5,4.5,0,0,0.0
1777571881.479451120,PSS,1,50,31.0,5.1,0,0,0.0
1777571882.484835341,PSS,1,50,29.2,5.0,0,0,0.0
1777571883.490067496,PSS,1,50,0.0,5.8,2,0,0
1777571884.482189007,PSS,1,50,0.0,4.4,0,0,0.0
1777571885.485130402,PSS,1,50,31.0,5.0,0,0,0.0
1777571886.485544011,PSS,1,50,0.0,4.7,0,0,0.0
1777571887.479564166,PSS,1,50,0.0,4.9,0,0,0.0
1777571888.487385752,PSS,1,50,30.8,5.3,0,0,0.0
1777571889.486136167,PSS,1,50,0.0,4.9,0,0,0.0
1777571902.485494258,PDCCH,1,50,30.7,5.1,0,0,0.0
1777571903.483827878,PDCCH,1,50,0.0,4.4,0,0,0.0
1777571904.484203134,PDCCH,1,50,0.0,5.2,0,0,0.0
1777571905.481160512,PDCCH,1,50,0.0,3.9,0,0,0.0
1777571906.480812422,PDCCH,1,50,30.0,5.0,0,0,0.0
1777571907.490737117,PDCCH,1,50,0.0,5.1,0,0,0.0
1777571908.487512838,PDCCH,1,50,0.0,4.5,0,0,0.0
1777571909.482196931,PDCCH,1,50,0.0,4.4,0,0,0.0
1777571910.482843501,PDCCH,1,50,0.0,4.9,0,0,0.0
1777571911.491952011,PDCCH,1,50,0.0,4.4,0,0,0.0
1777571912.482540608,PDCCH,1,50,29.6,5.8,0,0,0.0
1777571913.480581620,PDCCH,1,50,0.0,5.6,0,0,0.0
1777571914.479423008,PDCCH,1,50,0.0,4.3,0,0,0.0
1777571915.481792887,PDCCH,1,43,0.0,2.0,0,0,0.0
1777571916.480700587,PDCCH,1,48,0.0,3.7,0,0,0.0
1777571917.481503846,PDCCH,1,50,0.0,4.3,0,0,0.0
1777571918.481512083,PDCCH,1,50,0.0,4.5,0,0,0.0
1777571919.484355849,PDCCH,1,50,0.0,4.5,0,0,0.0
1777571920.482233461,PDCCH,1,50,0.0,5.1,0,0,0.0
1777571921.482389645,PDCCH,1,50,0.0,4.8,0,0,0.0
1777571922.482358274,PDCCH,1,50,0.0,5.4,0,0,0.0
1777571923.480675825,PDCCH,1,50,0.0,4.4,0,0,0.0
1777571924.482420634,PDCCH,1,50,30.6,4.7,0,0,0.0
1777571925.475694895,PDCCH,1,50,0.0,4.7,0,0,0.0
1777571926.479885233,PDCCH,1,50,29.4,4.3,0,0,0.0
1777571927.476605879,PDCCH,1,50,0.0,4.9,0,0,0.0
1777571928.476469091,PDCCH,1,50,0.0,4.5,0,0,0.0
1777571929.479697649,PDCCH,1,50,0.0,4.9,0,0,0.0
1777571930.481105698,PDCCH,1,50,30.9,4.3,0,0,0.0
1777571931.483163795,PDCCH,1,50,31.1,5.1,0,0,0.0
1777571932.482683427,PDCCH,1,50,0.0,3.8,0,0,0.0
1777571933.482687752,PDCCH,1,50,0.0,4.0,0,0,0.0
1777571934.481418463,PDCCH,1,50,0.0,4.4,0,0,0.0
1777571935.480695241,PDCCH,1,50,30.2,4.8,0,0,0.0
1777571936.480334474,PDCCH,1,50,0.0,5.1,0,0,0.0
1777571937.477253263,PDCCH,1,50,30.4,5.4,0,0,0.0
1777571938.476902878,PDCCH,1,50,30.3,5.2,0,0,0.0
1777571939.482889467,PDCCH,1,50,0.0,5.0,0,0,0.0
1777571940.485320645,PDCCH,1,50,0.0,5.1,0,0,0.0
1777571941.481714413,PDCCH,1,50,30.6,4.7,0,0,0.0
1777571942.481720264,PDCCH,1,50,0.0,5.4,0,0,0.0
1777571943.480699347,PDCCH,1,50,30.7,4.9,0,0,0.0
1777571944.478983147,PDCCH,1,50,0.0,4.5,0,0,0.0
1777571945.482739058,PDCCH,1,50,0.0,5.0,0,0,0.0
1777571946.479095642,PDCCH,1,50,0.0,4.7,0,0,0.0
1777571947.482538617,PDCCH,1,50,29.9,5.1,0,0,0.0
1777571948.481369979,PDCCH,1,50,30.9,5.4,0,0,0.0
1777571949.482979893,PDCCH,1,50,0.0,4.6,0,0,0.0
1777571950.474989159,PDCCH,1,50,0.0,5.0,0,0,0.0
1777571951.479642494,PDCCH,1,50,0.0,4.9,0,0,0.0
1777571952.481623698,PDCCH,1,50,0.0,4.9,0,0,0.0
1777571953.479704239,PDCCH,1,50,0.0,5.1,0,0,0.0
1777571954.482584603,PDCCH,1,50,0.0,4.8,0,0,0.0
1777571955.478066219,PDCCH,1,50,0.0,5.2,0,0,0.0
1777571956.481986882,PDCCH,1,50,0.0,5.0,0,0,0.0
1777571957.484136618,PDCCH,1,50,0.0,4.4,0,0,0.0
1777571958.481545975,PDCCH,1,50,29.7,5.4,0,0,0.0
1777571959.479895528,PDCCH,1,50,0.0,5.1,0,0,0.0
1777571960.475971481,PDCCH,1,50,30.0,5.0,0,0,0.0
1777571961.479905410,PDCCH,1,50,0.0,4.9,0,0,0.0
1777571962.482471017,PDCCH,1,50,0.0,4.3,0,0,0.0
1777571963.479606409,PDCCH,1,50,0.0,4.4,0,0,0.0
1777571964.478355972,PDCCH,1,50,0.0,4.1,0,0,0.0
1777571965.481878856,PDCCH,1,50,31.3,4.8,0,0,0.0
1777571966.481325383,PDCCH,1,50,0.0,4.8,0,0,0.0
1777571967.478106401,PDCCH,1,50,0.0,4.6,0,0,0.0
1777571968.481285934,PDCCH,1,50,29.2,5.3,0,0,0.0
1777571969.484097473,PDCCH,1,50,0.0,5.0,0,0,0.0
1777571970.479747444,PDCCH,1,50,31.4,5.1,0,0,0.0
1777571971.483744670,PDCCH,1,50,0.0,5.1,0,0,0.0
1777571972.482889019,PDCCH,1,50,0.0,3.7,0,0,0.0
1777571973.484788036,PDCCH,1,50,0.0,4.4,0,0,0.0
1777571974.480790669,PDCCH,1,50,0.0,5.3,0,0,0.0
1777571975.480632364,PDCCH,1,50,0.0,5.1,0,0,0.0
1777571976.481151898,PDCCH,1,50,0.0,4.2,0,0,0.0
1777571977.479601594,PDCCH,1,50,0.0,5.4,0,0,0.0
1777571978.486106364,PDCCH,1,50,29.9,4.9,0,0,0.0
1777571979.483750879,PDCCH,1,50,0.0,4.9,0,0,0.0
1777571980.481442306,PDCCH,1,50,0.0,4.6,0,0,0.0
1777571981.481155752,PDCCH,1,50,30.0,5.4,0,0,0.0
1777571982.481116177,PDCCH,1,50,30.3,4.2,0,0,0.0
1777571983.481412320,PDCCH,1,50,30.8,4.9,0,0,0.0
1777571984.477463073,PDCCH,1,50,0.0,4.5,0,0,0.0
1777571985.481946045,PDCCH,1,50,0.0,5.4,0,0,0.0
1777571986.484266792,PDCCH,1,50,0.0,4.7,0,0,0.0
1777571987.482508259,PDCCH,1,50,30.8,4.3,0,0,0.0
1777571988.482639375,PDCCH,1,50,0.0,4.4,0,0,0.0
1777571989.483335913,PDCCH,1,50,0.0,4.3,0,0,0.0
1777571990.487076854,PDCCH,1,50,0.0,4.9,0,0,0.0
1777571991.478385823,PDCCH,1,50,0.0,4.4,0,0,0.0
1777571992.482221430,PDCCH,1,50,0.0,5.2,0,0,0.0
1777571993.484582811,PDCCH,1,50,0.0,4.2,0,0,0.0
1777571994.476887283,PDCCH,1,50,29.9,4.5,0,0,0.0
1777571995.482841985,PDCCH,1,50,0.0,4.5,0,0,0.0
1777571996.482074577,PDCCH,1,50,0.0,5.0,0,0,0.0
1777571997.477111025,PDCCH,1,50,0.0,5.0,0,0,0.0
1777571998.479632036,PDCCH,1,50,0.0,4.9,0,0,0.0
1777571999.480688454,PDCCH,1,50,0.0,4.7,0,0,0.0
1777572000.482994312,PDCCH,1,50,0.0,4.5,0,0,0.0
1777572001.481492210,PDCCH,1,50,0.0,4.9,0,0,0.0
1777572002.478698746,PDCCH,1,50,0.0,4.7,0,0,0.0
1777572003.481139531,PDCCH,1,50,0.0,4.2,0,0,0.0
1777572004.478462338,PDCCH,1,50,0.0,5.2,0,0,0.0
1777572005.480620585,PDCCH,1,50,30.3,4.9,0,0,0.0
1777572006.481950912,PDCCH,1,50,31.5,4.2,0,0,0.0
1777572007.478242728,PDCCH,1,50,0.0,4.0,0,0,0.0
1777572008.485850183,PDCCH,1,50,0.0,4.8,0,0,0.0
1777572009.482661360,PDCCH,1,43,0.0,2.0,1,5,.8333
1777572010.478382504,PDCCH,1,50,0.0,5.3,0,0,0.0
1777572011.483135584,PDCCH,1,50,31.3,4.6,0,0,0.0
1777572012.481958049,PDCCH,1,50,0.0,5.2,0,0,0.0
1777572013.482854199,PDCCH,1,50,30.4,5.5,0,0,0.0
1777572014.481650188,PDCCH,1,50,30.7,4.9,0,0,0.0
1777572015.483326183,PDCCH,1,50,0.0,5.2,0,0,0.0
1777572016.480792765,PDCCH,1,50,0.0,5.1,0,0,0.0
1777572017.485711518,PDCCH,1,50,0.0,4.7,0,0,0.0
1777572018.484326966,PDCCH,1,50,0.0,4.2,0,0,0.0
1777572019.480108169,PDCCH,1,50,0.0,4.1,0,0,0.0
1777572020.483192976,PDCCH,1,50,0.0,5.2,0,0,0.0
1777572033.486748388,DMRS,1,50,30.3,4.4,0,0,0.0
1777572034.478946894,DMRS,1,50,30.7,4.4,0,0,0.0
1777572035.482946027,DMRS,1,50,0.0,5.1,0,0,0.0
1777572036.479932193,DMRS,1,50,31.1,4.9,0,0,0.0
1777572037.485167771,DMRS,1,50,31.1,4.9,0,0,0.0
1777572038.487600731,DMRS,1,50,30.2,4.4,0,0,0.0
1777572039.485331022,DMRS,1,50,0.0,5.6,0,0,0.0
1777572040.486469433,DMRS,1,50,0.0,5.1,0,0,0.0
1777572041.485593850,DMRS,1,50,0.0,4.9,0,0,0.0
1777572042.484673917,DMRS,1,50,30.2,5.1,0,0,0.0
1777572043.483115975,DMRS,1,50,29.8,4.7,0,0,0.0
1777572044.478344328,DMRS,1,50,0.0,4.0,0,0,0.0
1777572045.481617865,DMRS,1,50,0.0,4.7,0,0,0.0
1777572046.482647436,DMRS,1,50,0.0,4.6,0,0,0.0
1777572047.482589906,DMRS,1,50,0.0,5.1,0,0,0.0
1777572048.481377243,DMRS,1,50,31.1,4.7,0,0,0.0
1777572049.482052409,DMRS,1,50,29.3,4.2,0,0,0.0
1777572050.485122782,DMRS,1,50,30.6,4.7,0,0,0.0
1777572051.488393602,DMRS,1,50,0.0,4.1,0,0,0.0
1777572052.479539627,DMRS,1,50,0.0,4.5,0,0,0.0
1777572053.482889197,DMRS,1,50,30.3,5.0,0,0,0.0
1777572054.481124978,DMRS,1,48,0.0,4.4,0,0,0.0
1777572055.483947951,DMRS,1,47,0.0,3.9,2,0,0
1777572056.485083377,DMRS,1,50,0.0,4.5,0,0,0.0
1777572057.487018933,DMRS,1,41,0.0,1.2,1,3,.7500
1777572058.484026322,DMRS,1,50,0.0,4.4,1,0,0
1777572059.481371588,DMRS,1,50,0.0,4.3,0,0,0.0
1777572060.481754208,DMRS,1,50,30.8,5.1,0,0,0.0
1777572061.478557783,DMRS,1,50,0.0,5.0,0,0,0.0
1777572062.484922155,DMRS,1,50,0.0,5.0,0,0,0.0
1777572063.480496096,DMRS,1,50,30.7,4.3,0,0,0.0
1777572064.481529331,DMRS,1,50,31.1,5.0,0,0,0.0
1777572065.479501761,DMRS,1,50,0.0,5.1,0,0,0.0
1777572066.480219770,DMRS,1,50,31.1,5.2,0,0,0.0
1777572067.484179916,DMRS,1,50,29.6,4.8,0,0,0.0
1777572068.482023829,DMRS,1,50,0.0,4.3,0,0,0.0
1777572069.481911991,DMRS,1,50,0.0,4.4,0,0,0.0
1777572070.480438489,DMRS,1,50,30.5,5.3,0,0,0.0
1777572071.481650996,DMRS,1,50,0.0,4.3,0,0,0.0
1777572072.480247597,DMRS,1,50,0.0,5.3,0,0,0.0
1777572073.479828858,DMRS,1,50,0.0,5.6,0,0,0.0
1777572074.480316040,DMRS,1,50,31.0,5.4,0,0,0.0
1777572075.485323492,DMRS,1,50,29.9,5.2,0,0,0.0
1777572076.486223628,DMRS,1,50,0.0,5.4,0,0,0.0
1777572077.489098309,DMRS,1,50,0.0,4.8,0,0,0.0
1777572078.483011047,DMRS,1,50,31.2,4.9,0,0,0.0
1777572079.477615051,DMRS,1,50,0.0,4.3,0,0,0.0
1777572080.484565723,DMRS,1,50,0.0,4.7,0,0,0.0
1777572081.483846085,DMRS,1,50,31.0,4.7,0,0,0.0
1777572082.485621550,DMRS,1,50,0.0,4.7,0,0,0.0
1777572083.485609350,DMRS,1,50,0.0,5.0,0,0,0.0
1777572084.481470737,DMRS,1,50,0.0,4.5,0,0,0.0
1777572085.479786764,DMRS,1,50,0.0,4.8,0,0,0.0
1777572086.484305261,DMRS,1,50,0.0,5.0,0,0,0.0
1777572087.480380829,DMRS,1,50,0.0,4.3,0,0,0.0
1777572088.479467159,DMRS,1,50,30.3,4.6,0,0,0.0
1777572089.483870652,DMRS,1,50,0.0,4.8,0,0,0.0
1777572090.481803585,DMRS,1,50,0.0,5.2,0,0,0.0
1777572091.480175493,DMRS,1,50,0.0,4.7,0,0,0.0
1777572092.483982117,DMRS,1,50,0.0,4.2,0,0,0.0
1777572093.479364278,DMRS,1,50,0.0,4.0,0,0,0.0
1777572094.481369593,DMRS,1,50,0.0,4.9,0,0,0.0
1777572095.480639386,DMRS,1,50,0.0,4.8,0,0,0.0
1777572096.482976448,DMRS,1,50,0.0,5.2,0,0,0.0
1777572097.482140910,DMRS,1,50,0.0,4.8,0,0,0.0
1777572098.482178358,DMRS,1,50,0.0,4.6,0,0,0.0
1777572099.481557116,DMRS,1,50,0.0,4.4,0,0,0.0
1777572100.482582401,DMRS,1,50,0.0,5.0,0,0,0.0
1777572101.483448087,DMRS,1,50,0.0,4.4,0,0,0.0
1777572102.482107191,DMRS,1,50,0.0,4.1,0,0,0.0
1777572103.479806060,DMRS,1,50,0.0,5.0,0,0,0.0
1777572104.481035048,DMRS,1,50,0.0,4.9,0,0,0.0
1777572105.484447709,DMRS,1,49,0.0,4.1,1,0,0
1777572106.487221447,DMRS,1,50,0.0,4.7,2,0,0
1777572107.482413757,DMRS,1,50,28.8,5.1,0,0,0.0
1777572108.480884583,DMRS,1,50,30.2,4.9,0,0,0.0
1777572109.481203164,DMRS,1,50,0.0,4.3,0,0,0.0
1777572110.481313028,DMRS,1,50,0.0,4.5,0,0,0.0
1777572111.484190302,DMRS,1,50,0.0,4.3,0,0,0.0
1777572112.484753846,DMRS,1,50,0.0,4.5,0,0,0.0
1777572113.480597143,DMRS,1,50,31.1,5.3,0,0,0.0
1777572114.486850274,DMRS,1,50,0.0,5.4,0,0,0.0
1777572115.478538659,DMRS,1,50,0.0,4.4,0,0,0.0
1777572116.480095682,DMRS,1,50,0.0,5.3,0,0,0.0
1777572117.480407829,DMRS,1,50,31.6,4.6,0,0,0.0
1777572118.481846856,DMRS,1,50,0.0,4.3,0,0,0.0
1777572119.484671578,DMRS,1,50,0.0,5.0,0,0,0.0
1777572120.482149213,DMRS,1,50,0.0,5.2,0,0,0.0
1777572121.483358137,DMRS,1,50,30.9,5.1,0,0,0.0
1777572122.481657420,DMRS,1,50,0.0,5.4,0,0,0.0
1777572123.482633359,DMRS,1,50,0.0,4.2,0,0,0.0
1777572124.483114955,DMRS,1,50,0.0,4.3,0,0,0.0
1777572125.479360080,DMRS,1,50,0.0,4.6,0,0,0.0
1777572126.488246421,DMRS,1,50,0.0,5.2,0,0,0.0
1777572127.480346795,DMRS,1,50,0.0,5.3,0,0,0.0
1777572128.478283285,DMRS,1,50,0.0,4.9,0,0,0.0
1777572129.485183463,DMRS,1,44,0.0,2.1,0,0,0.0
1777572130.483029637,DMRS,1,50,0.0,4.8,0,0,0.0
1777572131.482761027,DMRS,1,50,29.9,3.9,0,0,0.0
1777572132.480816012,DMRS,1,50,0.0,5.0,0,0,0.0
1777572133.484662690,DMRS,1,50,30.3,4.9,0,0,0.0
1777572134.482140240,DMRS,1,50,0.0,5.0,0,0,0.0
1777572135.482032186,DMRS,1,50,0.0,5.1,0,0,0.0
1777572136.483826277,DMRS,1,50,0.0,4.6,0,0,0.0
1777572137.482556898,DMRS,1,50,0.0,4.2,0,0,0.0
1777572138.479867312,DMRS,1,50,31.7,5.1,0,0,0.0
1777572139.483202071,DMRS,1,50,0.0,4.1,0,0,0.0
1777572140.482485302,DMRS,1,50,0.0,4.6,0,0,0.0
1777572141.483295570,DMRS,1,50,0.0,5.0,0,0,0.0
1777572142.479973338,DMRS,1,50,0.0,4.8,0,0,0.0
1777572143.482662886,DMRS,1,50,0.0,4.9,0,0,0.0
1777572144.484784080,DMRS,1,50,0.0,5.2,0,0,0.0
1777572145.480165451,DMRS,1,50,0.0,5.2,0,0,0.0
1777572146.483173123,DMRS,1,50,0.0,5.6,0,0,0.0
1777572147.482017073,DMRS,1,50,0.0,5.0,0,0,0.0
1777572148.482034184,DMRS,1,50,30.4,5.9,0,0,0.0
1777572149.482212830,DMRS,1,50,0.0,4.6,0,0,0.0
1777572150.480730445,DMRS,1,50,0.0,4.7,0,0,0.0
1777572151.478582941,DMRS,1,50,0.0,4.7,0,0,0.0
1777588743.9781115,Constant,1,50,-20.8,2.3,3,23,0.8846
1777588743.9781556,Constant,1,49,0.0,5.1,0,10,1.0000
1777588743.978178,Constant,1,50,0.0,2.4,2,17,0.8947
1777588743.9781926,Constant,1,49,0.0,4.0,1,17,0.9444
1777588743.978208,Constant,1,45,0.0,-0.0,1,36,0.9730
1777588743.9782207,Constant,1,47,0.0,0.9,0,37,1.0000
1777588743.978234,Constant,1,49,19.4,1.5,1,24,0.9600
1777588743.9782465,Constant,1,47,0.0,1.3,3,18,0.8571
1777588743.9782987,Constant,1,46,29.6,1.5,1,36,0.9730
1777588743.978312,Constant,1,48,0.0,1.0,2,32,0.9412
1777588743.9783235,Constant,1,50,28.5,3.6,1,16,0.9412
1777588743.9783368,Constant,1,49,0.0,2.9,3,18,0.8571
1777588743.9783483,Constant,1,49,0.0,1.1,4,19,0.8261
1777588743.9783597,Constant,1,46,0.0,-1.3,3,33,0.9167
1777588743.9783714,Constant,1,20,0.0,-5.8,3,26,0.8966
1777588743.9783852,Constant,1,0,0.0,-13.7,2,4,0.6667
1777588743.9783995,Constant,1,0,0.0,-12.1,5,4,0.4444
1777588743.978412,Constant,1,0,0.0,-12.3,4,0,0.0000
1777588743.9784238,Constant,1,1,0.0,-12.2,4,0,0.0000
1777588743.9784353,Constant,1,0,0.0,-13.4,1,0,0.0000
1777588771.436676,Constant,1,50,-20.8,2.3,3,23,0.8846
1777588771.4366918,Constant,1,49,0.0,5.1,0,10,1.0000
1777588771.4366965,Constant,1,50,0.0,2.4,2,17,0.8947
1777588771.4367003,Constant,1,49,0.0,4.0,1,17,0.9444
1777588771.4367042,Constant,1,45,0.0,-0.0,1,36,0.9730
1777588771.4367075,Constant,1,47,0.0,0.9,0,37,1.0000
1777588771.4367118,Constant,1,49,19.4,1.5,1,24,0.9600
1777588771.4367151,Constant,1,47,0.0,1.3,3,18,0.8571
1777588771.436718,Constant,1,46,29.6,1.5,1,36,0.9730
1777588771.4367216,Constant,1,48,0.0,1.0,2,32,0.9412
1777588771.4367383,Constant,1,50,28.5,3.6,1,16,0.9412
1777588771.4367416,Constant,1,49,0.0,2.9,3,18,0.8571
1777588771.436745,Constant,1,49,0.0,1.1,4,19,0.8261
1777588771.4367478,Constant,1,46,0.0,-1.3,3,33,0.9167
1777588771.4367511,Constant,1,20,0.0,-5.8,3,26,0.8966
1777588771.4368544,Constant,1,0,0.0,-13.7,2,4,0.6667
1777588771.436859,Constant,1,0,0.0,-12.1,5,4,0.4444
1777588771.436863,Constant,1,0,0.0,-12.3,4,0,0.0000
1777588771.4368663,Constant,1,1,0.0,-12.2,4,0,0.0000
1777588771.4368694,Constant,1,0,0.0,-13.4,1,0,0.0000
1777588798.6407578,Constant,1,50,-20.8,2.3,3,23,0.8846
1777588798.640791,Constant,1,49,0.0,5.1,0,10,1.0000
1777588798.640808,Constant,1,50,0.0,2.4,2,17,0.8947
1777588798.640822,Constant,1,49,0.0,4.0,1,17,0.9444
1777588798.6408353,Constant,1,45,0.0,-0.0,1,36,0.9730
1777588798.6408482,Constant,1,47,0.0,0.9,0,37,1.0000
1777588798.6408613,Constant,1,49,19.4,1.5,1,24,0.9600
1777588798.640873,Constant,1,47,0.0,1.3,3,18,0.8571
1777588798.6408846,Constant,1,46,29.6,1.5,1,36,0.9730
1777588798.6408975,Constant,1,48,0.0,1.0,2,32,0.9412
1777588798.6409087,Constant,1,50,28.5,3.6,1,16,0.9412
1777588798.640939,Constant,1,49,0.0,2.9,3,18,0.8571
1777588798.6409552,Constant,1,49,0.0,1.1,4,19,0.8261
1777588798.6409674,Constant,1,46,0.0,-1.3,3,33,0.9167
1777588798.6409795,Constant,1,20,0.0,-5.8,3,26,0.8966
1777588798.6409934,Constant,1,0,0.0,-13.7,2,4,0.6667
1777588798.641007,Constant,1,0,0.0,-12.1,5,4,0.4444
1777588798.6410222,Constant,1,0,0.0,-12.3,4,0,0.0000
1777588798.6410353,Constant,1,1,0.0,-12.2,4,0,0.0000
1777588798.6410465,Constant,1,0,0.0,-13.4,1,0,0.0000
1777588825.8757782,Constant,1,50,-20.8,2.3,3,23,0.8846
1777588825.875811,Constant,1,49,0.0,5.1,0,10,1.0000
1777588825.875828,Constant,1,50,0.0,2.4,2,17,0.8947
1777588825.875842,Constant,1,49,0.0,4.0,1,17,0.9444
1777588825.8758557,Constant,1,45,0.0,-0.0,1,36,0.9730
1777588825.8758678,Constant,1,47,0.0,0.9,0,37,1.0000
1777588825.8758802,Constant,1,49,19.4,1.5,1,24,0.9600
1777588825.875892,Constant,1,47,0.0,1.3,3,18,0.8571
1777588825.8759027,Constant,1,46,29.6,1.5,1,36,0.9730
1777588825.875915,Constant,1,48,0.0,1.0,2,32,0.9412
1777588825.8759263,Constant,1,50,28.5,3.6,1,16,0.9412
1777588825.8759375,Constant,1,49,0.0,2.9,3,18,0.8571
1777588825.8759484,Constant,1,49,0.0,1.1,4,19,0.8261
1777588825.8759599,Constant,1,46,0.0,-1.3,3,33,0.9167
1777588825.8759713,Constant,1,20,0.0,-5.8,3,26,0.8966
1777588825.875985,Constant,1,0,0.0,-13.7,2,4,0.6667
1777588825.8759987,Constant,1,0,0.0,-12.1,5,4,0.4444
1777588825.8760116,Constant,1,0,0.0,-12.3,4,0,0.0000
1777588825.876023,Constant,1,1,0.0,-12.2,4,0,0.0000
1777588825.8760335,Constant,1,0,0.0,-13.4,1,0,0.0000
1777588853.481756,Constant,1,50,-20.8,2.3,3,23,0.8846
1777588853.4817908,Constant,1,49,0.0,5.1,0,10,1.0000
1777588853.4818075,Constant,1,50,0.0,2.4,2,17,0.8947
1777588853.4818208,Constant,1,49,0.0,4.0,1,17,0.9444
1777588853.4818351,Constant,1,45,0.0,-0.0,1,36,0.9730
1777588853.4818475,Constant,1,47,0.0,0.9,0,37,1.0000
1777588853.4818606,Constant,1,49,19.4,1.5,1,24,0.9600
1777588853.4818726,Constant,1,47,0.0,1.3,3,18,0.8571
1777588853.4818845,Constant,1,46,29.6,1.5,1,36,0.9730
1777588853.4818969,Constant,1,48,0.0,1.0,2,32,0.9412
1777588853.4819083,Constant,1,50,28.5,3.6,1,16,0.9412
1777588853.4819195,Constant,1,49,0.0,2.9,3,18,0.8571
1777588853.4819307,Constant,1,49,0.0,1.1,4,19,0.8261
1777588853.4819422,Constant,1,46,0.0,-1.3,3,33,0.9167
1777588853.4819543,Constant,1,20,0.0,-5.8,3,26,0.8966
1777588853.481969,Constant,1,0,0.0,-13.7,2,4,0.6667
1777588853.4819827,Constant,1,0,0.0,-12.1,5,4,0.4444
1777588853.4819958,Constant,1,0,0.0,-12.3,4,0,0.0000
1777588853.4820075,Constant,1,1,0.0,-12.2,4,0,0.0000
1777588853.4820182,Constant,1,0,0.0,-13.4,1,0,0.0000
1777588899.510591945,Normal,1,50,0.0,6.5,0,0,0.0
1777588900.512021433,Normal,1,50,0.0,6.6,0,0,0.0
1777588901.506061047,Normal,1,44,0.0,4.3,0,0,0.0
1777588902.507846492,Normal,1,50,0.0,7.0,0,0,0.0
1777588903.493200955,Normal,1,50,0.0,5.5,0,0,0.0
1777588904.518170781,Normal,1,50,0.0,7.0,0,0,0.0
1777588905.499298431,Normal,1,50,30.1,6.5,0,0,0.0
1777588906.508063724,Normal,1,50,0.0,5.8,0,0,0.0
1777588907.515103005,Normal,1,50,29.2,6.3,0,0,0.0
1777588908.515011273,Normal,1,50,30.9,6.7,0,0,0.0
1777588909.514651846,Normal,1,50,0.0,6.2,0,0,0.0
1777588910.520020610,Normal,1,50,0.0,6.3,0,0,0.0
1777588911.511104712,Normal,1,50,31.0,6.5,0,0,0.0
1777588912.501441973,Normal,1,50,0.0,6.5,0,0,0.0
1777588913.513102028,Normal,1,50,0.0,6.5,0,0,0.0
1777588914.514039489,Normal,1,50,0.0,7.0,0,0,0.0
1777588915.510999384,Normal,1,50,0.0,5.8,0,0,0.0
1777588916.507505375,Normal,1,50,0.0,6.7,0,0,0.0
1777588917.512437414,Normal,1,50,0.0,7.1,0,0,0.0
1777588918.503976019,Normal,1,50,31.9,5.8,0,0,0.0
1777588919.510471047,Normal,1,50,0.0,6.4,0,0,0.0
1777588920.512080164,Normal,1,50,0.0,6.4,0,0,0.0
1777588921.510044260,Normal,1,50,0.0,6.7,0,0,0.0
1777588922.513747808,Normal,1,50,0.0,6.0,0,0,0.0
1777588923.508124749,Normal,1,50,31.2,6.4,0,0,0.0
1777588924.514050222,Normal,1,50,0.0,6.5,0,0,0.0
1777588925.519074881,Normal,1,50,0.0,6.3,0,0,0.0
1777588926.505246197,Normal,1,50,30.0,6.3,0,0,0.0
1777588927.511889381,Normal,1,50,31.2,6.9,0,0,0.0
1777588928.510917688,Normal,1,50,0.0,6.7,0,0,0.0
1777588929.508582518,Normal,1,50,0.0,6.5,0,0,0.0
1777588930.503445701,Normal,1,50,0.0,7.2,0,0,0.0
1777588931.497407319,Normal,1,50,0.0,6.8,0,0,0.0
1777588932.509782324,Normal,1,50,31.3,6.1,0,0,0.0
1777588933.506045914,Normal,1,50,31.3,6.5,0,0,0.0
1777588934.513129558,Normal,1,50,0.0,5.9,0,0,0.0
1777588935.511015162,Normal,1,50,32.7,6.5,0,0,0.0
1777588936.504031304,Normal,1,50,0.0,6.0,0,0,0.0
1777588937.519780987,Normal,1,50,0.0,6.8,0,0,0.0
1777588938.511037439,Normal,1,50,0.0,6.7,0,0,0.0
1777588939.511079094,Normal,1,50,0.0,6.6,0,0,0.0
1777588940.509996906,Normal,1,50,0.0,6.5,0,0,0.0
1777588941.509936726,Normal,1,50,0.0,7.1,0,0,0.0
1777588942.511759567,Normal,1,50,30.9,6.2,0,0,0.0
1777588943.503040482,Normal,1,50,0.0,6.3,0,0,0.0
1777588944.526303080,Normal,1,50,0.0,6.1,0,0,0.0
1777588945.515993340,Normal,1,50,30.6,6.8,0,0,0.0
1777588946.511988493,Normal,1,50,0.0,5.5,0,0,0.0
1777588947.506074516,Normal,1,50,0.0,6.5,0,0,0.0
1777588948.506640315,Normal,1,50,0.0,6.0,0,0,0.0
1777588949.520321407,Normal,1,50,0.0,5.5,0,0,0.0
1777588950.514756593,Normal,1,50,0.0,7.0,0,0,0.0
1777588951.511161797,Normal,1,50,0.0,5.9,0,0,0.0
1777588952.508603585,Normal,1,50,31.0,6.4,0,0,0.0
1777588953.543109002,Normal,1,50,30.7,6.0,0,0,0.0
1777588954.515110842,Normal,1,50,0.0,6.3,0,0,0.0
1777588955.512022006,Normal,1,50,30.5,5.9,0,0,0.0
1777588956.506593081,Normal,1,50,0.0,6.0,0,0,0.0
1777588957.508927585,Normal,1,50,0.0,6.8,0,0,0.0
1777588958.509069181,Normal,1,50,0.0,6.3,0,0,0.0
1777588959.498284063,Normal,1,50,31.8,6.3,0,0,0.0
1777588960.487511119,Normal,1,50,0.0,7.0,0,0,0.0
1777588961.496067472,Normal,1,50,0.0,6.7,0,0,0.0
1777588962.495707740,Normal,1,50,0.0,6.8,0,0,0.0
1777588963.497437750,Normal,1,50,0.0,5.8,0,0,0.0
1777588964.493015064,Normal,1,50,0.0,6.5,0,0,0.0
1777588965.495621478,Normal,1,50,0.0,5.9,0,0,0.0
1777588966.496829967,Normal,1,50,0.0,5.5,0,0,0.0
1777588967.495155825,Normal,1,50,0.0,6.7,0,0,0.0
1777588968.495677547,Normal,1,50,30.4,6.6,0,0,0.0
1777588969.494489932,Normal,1,50,0.0,6.2,0,0,0.0
1777588970.491985068,Normal,1,50,30.4,6.3,0,0,0.0
1777588971.492075718,Normal,1,50,0.0,6.7,0,0,0.0
1777588972.493481959,Normal,1,50,0.0,6.3,0,0,0.0
1777588973.492510145,Normal,1,50,0.0,6.5,0,0,0.0
1777588974.494051553,Normal,1,50,0.0,6.5,0,0,0.0
1777588975.492970416,Normal,1,50,0.0,6.5,0,0,0.0
1777588976.488046901,Normal,1,50,0.0,5.7,0,0,0.0
1777588977.489750652,Normal,1,50,0.0,7.0,0,0,0.0
1777588978.491117351,Normal,1,50,0.0,6.4,0,0,0.0
1777588979.492700939,Normal,1,50,0.0,5.7,0,0,0.0
1777588980.494628960,Normal,1,50,0.0,6.3,0,0,0.0
1777588981.492694848,Normal,1,50,0.0,6.5,0,0,0.0
1777588982.496720288,Normal,1,50,0.0,6.2,0,0,0.0
1777588983.496659067,Normal,1,50,0.0,6.2,0,0,0.0
1777588984.496663025,Normal,1,50,0.0,6.1,0,0,0.0
1777588985.499448278,Normal,1,43,0.0,1.9,2,2,.5000
1777588986.499546238,Normal,1,50,0.0,6.1,1,0,0
1777588987.498695077,Normal,1,50,0.0,6.9,0,0,0.0
1777588988.496469952,Normal,1,50,30.3,6.9,0,0,0.0
1777588989.490895611,Normal,1,50,31.1,6.9,0,0,0.0
1777588990.495420013,Normal,1,50,0.0,6.8,0,0,0.0
1777588991.496105927,Normal,1,50,0.0,6.3,0,0,0.0
1777588992.493731001,Normal,1,50,0.0,6.6,0,0,0.0
1777588993.492637719,Normal,1,50,0.0,6.9,0,0,0.0
1777588994.491474207,Normal,1,50,0.0,6.6,0,0,0.0
1777588995.491837065,Normal,1,50,0.0,7.0,0,0,0.0
1777588996.490483808,Normal,1,50,0.0,6.7,0,0,0.0
1777588997.495467798,Normal,1,50,0.0,6.0,0,0,0.0
1777588998.492608087,Normal,1,50,0.0,6.7,0,0,0.0
1777588999.492592214,Normal,1,50,31.2,5.9,0,0,0.0
1777589000.493717339,Normal,1,50,30.9,6.1,0,0,0.0
1777589001.494112542,Normal,1,50,0.0,6.0,0,0,0.0
1777589002.488323798,Normal,1,50,0.0,6.3,0,0,0.0
1777589003.493872057,Normal,1,50,0.0,6.5,0,0,0.0
1777589004.493601752,Normal,1,50,0.0,6.5,0,0,0.0
1777589005.494455084,Normal,1,43,0.0,2.9,1,4,.8000
1777589006.497084996,Normal,1,50,31.0,5.1,3,0,0
1777589007.494606817,Normal,1,50,0.0,6.1,0,0,0.0
1777589008.492947947,Normal,1,50,0.0,6.1,0,0,0.0
1777589009.495400794,Normal,1,42,0.0,2.2,4,0,0
1777589010.490112673,Normal,1,50,0.0,6.2,0,0,0.0
1777589011.493940128,Normal,1,50,0.0,7.2,0,0,0.0
1777589012.494093720,Normal,1,42,0.0,3.3,0,0,0.0
1777589013.491866230,Normal,1,42,0.0,3.3,0,0,0.0
1777589014.488467817,Normal,1,50,0.0,5.8,0,0,0.0
1777589015.492078090,Normal,1,49,0.0,6.3,0,0,0.0
1777589016.497655767,Normal,1,46,0.0,4.1,2,1,.3333
1777589017.493099428,Normal,1,50,0.0,6.9,0,0,0.0
1777589018.492288913,Normal,1,50,0.0,6.4,0,0,0.0
1777589019.486891114,Normal,1,50,31.1,6.3,0,0,0.0
1777589020.497314596,Normal,1,50,0.0,6.3,0,0,0.0
1777589021.487835312,Normal,1,50,0.0,6.4,0,0,0.0
1777589022.494417906,Normal,1,50,0.0,7.1,0,0,0.0
1777589023.494130718,Normal,1,41,0.0,1.4,2,5,.7142
1777589024.494034742,Normal,1,50,31.3,5.7,0,0,0.0
1777589025.491252153,Normal,1,50,0.0,6.5,0,0,0.0
1777589026.496422700,Normal,1,50,0.0,5.8,0,0,0.0
1777589027.493681180,Normal,1,50,0.0,6.3,0,0,0.0
1777589028.498363633,Normal,1,40,0.0,0.1,3,6,.6666
1777589029.491068438,Normal,1,50,0.0,6.3,0,0,0.0
1777589030.496931729,Normal,1,50,0.0,5.6,0,0,0.0
1777589031.497098702,Normal,1,41,0.0,2.8,0,0,0.0
1777589032.489440932,Normal,1,50,0.0,6.7,0,0,0.0
1777589033.494392057,Normal,1,50,32.5,6.8,0,0,0.0
1777589034.494402528,Normal,1,50,0.0,6.0,0,0,0.0
1777589035.495861870,Normal,1,50,0.0,6.3,0,0,0.0
1777589036.492866260,Normal,1,44,0.0,4.3,0,0,0.0
1777589037.489400375,Normal,1,50,30.6,6.1,0,0,0.0
1777589038.493584372,Normal,1,50,0.0,6.7,0,0,0.0
1777589039.490693085,Normal,1,50,0.0,6.0,0,0,0.0
1777589040.494999492,Normal,1,50,31.5,6.4,0,0,0.0
1777589041.494954098,Normal,1,50,0.0,6.0,0,0,0.0
1777589042.495394619,Normal,1,50,0.0,6.2,0,0,0.0
1777589043.494468305,Normal,1,50,0.0,6.5,0,0,0.0
1777589044.492684851,Normal,1,50,0.0,6.5,0,0,0.0
1777589045.492954640,Normal,1,50,0.0,6.7,0,0,0.0
1777589046.498210266,Normal,1,50,30.3,6.8,0,0,0.0
1777589047.497103624,Normal,1,50,31.9,6.5,0,0,0.0
1777589048.494948209,Normal,1,50,0.0,7.1,0,0,0.0
1777589049.497616570,Normal,1,50,0.0,6.4,0,0,0.0
1777589050.492283837,Normal,1,50,0.0,6.1,0,0,0.0
1777589051.491789305,Normal,1,50,0.0,6.2,0,0,0.0
1777589052.492789489,Normal,1,50,0.0,5.9,0,0,0.0
1777589053.495229696,Normal,1,50,0.0,6.3,0,0,0.0
1777589054.490206393,Normal,1,50,0.0,6.0,0,0,0.0
1777589055.494323388,Normal,1,50,0.0,6.6,0,0,0.0
1777589056.495632435,Normal,1,50,30.9,6.9,0,0,0.0
1777589057.491918697,Normal,1,41,0.0,2.3,0,0,0.0
1777589058.496532329,Normal,1,50,0.0,5.9,0,0,0.0
1777589059.493392619,Normal,1,50,31.4,5.8,0,0,0.0
1777589060.490925295,Normal,1,50,0.0,6.8,0,0,0.0
1777589061.496522763,Normal,1,41,0.0,1.7,0,5,1.0000
1777589062.497844385,Normal,1,50,0.0,4.2,2,0,0
1777589063.493535812,Normal,1,50,0.0,6.9,0,0,0.0
1777589064.491059729,Normal,1,50,0.0,6.5,0,0,0.0
1777589065.494487291,Normal,1,50,0.0,5.6,0,0,0.0
1777589066.495650442,Normal,1,50,29.5,6.6,0,0,0.0
1777589067.492550735,Normal,1,50,0.0,6.5,0,0,0.0
1777589068.492954643,Normal,1,45,0.0,4.6,0,0,0.0
1777589069.489742984,Normal,1,50,31.0,6.6,0,0,0.0
1777589070.490513629,Normal,1,50,0.0,6.9,0,0,0.0
1777589071.496739319,Normal,1,50,0.0,6.5,0,0,0.0
1777589072.494550410,Normal,1,50,0.0,6.2,0,0,0.0
1777589073.492935318,Normal,1,50,0.0,6.9,0,0,0.0
1777589074.489558525,Normal,1,43,30.8,3.6,0,0,0.0
1777589075.495047972,Normal,1,46,0.0,4.6,0,0,0.0
1777589076.496349460,Normal,1,45,31.5,4.1,0,0,0.0
1777589077.494012086,Normal,1,45,0.0,4.7,0,0,0.0
1777589078.493701118,Normal,1,50,0.0,5.7,0,0,0.0
1777589079.492257008,Normal,1,50,0.0,6.2,0,0,0.0
1777589080.490601270,Normal,1,50,0.0,6.3,0,0,0.0
1777589081.487686517,Normal,1,50,0.0,6.4,0,0,0.0
1777589082.491791054,Normal,1,50,0.0,6.0,0,0,0.0
1777589083.491962627,Normal,1,50,30.2,6.0,0,0,0.0
1777589084.491013856,Normal,1,50,0.0,6.0,0,0,0.0
1777589085.487107878,Normal,1,50,0.0,6.4,0,0,0.0
1777589086.492185722,Normal,1,50,0.0,6.5,0,0,0.0
1777589087.489866879,Normal,1,50,0.0,6.6,0,0,0.0
1777589088.495185931,Normal,1,50,0.0,5.9,0,0,0.0
1777589089.493301500,Normal,1,50,30.1,6.2,0,0,0.0
1777589090.490997819,Normal,1,50,31.6,6.3,0,0,0.0
1777589091.496292135,Normal,1,50,0.0,6.4,0,0,0.0
1777589092.497809187,Normal,1,50,0.0,6.2,0,0,0.0
1777589093.496609231,Normal,1,50,0.0,6.2,0,0,0.0
1777589094.489182232,Normal,1,45,0.0,4.0,0,0,0.0
1777589095.491168994,Normal,1,50,0.0,7.0,0,0,0.0
1777589096.495351152,Normal,1,43,31.0,4.2,0,0,0.0
1777589097.492048828,Normal,1,50,0.0,6.4,0,0,0.0
1777589098.490992654,Normal,1,50,0.0,6.3,0,0,0.0
1777589099.494254505,Normal,1,50,0.0,6.2,0,0,0.0
1777589100.492115554,Normal,1,44,0.0,3.6,0,0,0.0
1777589101.490958239,Normal,1,50,31.8,6.7,0,0,0.0
1777589102.494894938,Normal,1,50,0.0,6.4,0,0,0.0
1777589103.489185933,Normal,1,50,0.0,6.4,0,0,0.0
1777589104.488905615,Normal,1,50,30.4,6.4,0,0,0.0
1777589105.493553015,Normal,1,50,30.6,6.5,0,0,0.0
1777589106.491371055,Normal,1,50,31.9,6.5,0,0,0.0
1777589107.493657175,Normal,1,50,0.0,6.3,0,0,0.0
1777589108.494278082,Normal,1,50,0.0,5.9,0,0,0.0
1777589109.492934312,Normal,1,50,0.0,5.5,0,0,0.0
1777589110.493425335,Normal,1,50,25.8,6.3,0,0,0.0
1777589111.488351525,Normal,1,50,31.5,6.4,0,0,0.0
1777589112.490118460,Normal,1,50,0.0,6.2,0,0,0.0
1777589113.491912890,Normal,1,50,0.0,5.7,0,0,0.0
1777589114.489585451,Normal,1,50,0.0,6.5,0,0,0.0
1777589115.492625769,Normal,1,50,0.0,5.3,0,0,0.0
1777589116.486426817,Normal,1,50,0.0,6.1,0,0,0.0
1777589117.495397297,Normal,1,50,31.8,6.7,0,0,0.0
1777589118.491309734,Normal,1,50,0.0,5.7,0,0,0.0
1777589119.492597405,Normal,1,50,0.0,6.2,0,0,0.0
1777589120.492706353,Normal,1,50,0.0,7.3,0,0,0.0
1777589121.494077491,Normal,1,50,0.0,6.3,0,0,0.0
1777589122.495793905,Normal,1,50,0.0,6.0,0,0,0.0
1777589123.489919538,Normal,1,50,0.0,5.7,0,0,0.0
1777589124.486564225,Normal,1,50,0.0,6.3,0,0,0.0
1777589125.495867834,Normal,1,50,31.6,6.3,0,0,0.0
1777589126.494886908,Normal,1,50,0.0,6.1,0,0,0.0
1777589127.496354087,Normal,1,50,0.0,6.4,0,0,0.0
1777589128.497064978,Normal,1,50,0.0,6.3,0,0,0.0
1777589129.493279838,Normal,1,50,0.0,6.6,0,0,0.0
1777589130.496312086,Normal,1,50,0.0,5.8,0,0,0.0
1777589131.496960283,Normal,1,44,0.0,3.6,2,0,0
1777589132.496733753,Normal,1,50,0.0,6.4,0,0,0.0
1777589133.492142638,Normal,1,50,0.0,6.2,0,0,0.0
1777589134.494947614,Normal,1,50,0.0,6.7,0,0,0.0
1777589135.497143659,Normal,1,50,0.0,6.7,0,0,0.0
1777589136.494632369,Normal,1,50,0.0,6.5,0,0,0.0
1777589137.493304903,Normal,1,50,0.0,6.6,0,0,0.0
1777589138.494667491,Normal,1,50,0.0,6.7,0,0,0.0
1777589139.490421885,Normal,1,50,30.7,6.5,0,0,0.0
1777589140.490922695,Normal,1,50,0.0,6.3,0,0,0.0
1777589141.493877705,Normal,1,50,31.9,6.5,0,0,0.0
1777589142.497194618,Normal,1,50,0.0,6.0,0,0,0.0
1777589143.491784249,Normal,1,50,0.0,6.4,0,0,0.0
1777589144.488489988,Normal,1,50,31.0,6.2,0,0,0.0
1777589145.487445598,Normal,1,50,0.0,6.5,0,0,0.0
1777589146.493374777,Normal,1,50,0.0,5.5,0,0,0.0
1777589147.498897117,Normal,1,50,32.2,5.6,0,0,0.0
1777589148.495858659,Normal,1,50,0.0,6.9,0,0,0.0
1777589149.492159094,Normal,1,50,0.0,5.4,0,0,0.0
1777589150.490036711,Normal,1,50,30.0,6.4,0,0,0.0
1777589151.490204388,Normal,1,50,0.0,5.3,0,0,0.0
1777589152.488523718,Normal,1,50,31.0,6.4,0,0,0.0
1777589153.484927640,Normal,1,50,31.4,6.8,0,0,0.0
1777589154.491871713,Normal,1,50,0.0,6.0,0,0,0.0
1777589155.500601882,Normal,1,50,0.0,6.6,0,0,0.0
1777589156.489209704,Normal,1,50,0.0,6.3,0,0,0.0
1777589157.490745499,Normal,1,50,0.0,5.6,0,0,0.0
1777589158.493101961,Normal,1,50,0.0,6.7,0,0,0.0
1777589159.493393463,Normal,1,50,0.0,6.7,0,0,0.0
1777589160.485851760,Normal,1,50,0.0,6.7,0,0,0.0
1777589161.496955303,Normal,1,50,31.8,6.8,0,0,0.0
1777589162.495489245,Normal,1,50,0.0,6.5,0,0,0.0
1777589163.505872954,Normal,1,50,31.0,6.0,0,0,0.0
1777589164.494507928,Normal,1,50,0.0,6.0,0,0,0.0
1777589165.493609002,Normal,1,50,0.0,6.3,0,0,0.0
1777589166.491120679,Normal,1,50,0.0,6.1,0,0,0.0
1777589167.493610019,Normal,1,50,0.0,6.8,0,0,0.0
1777589168.492377868,Normal,1,50,0.0,6.7,0,0,0.0
1777589169.489369056,Normal,1,50,0.0,5.3,0,0,0.0
1777589170.490464223,Normal,1,50,0.0,6.4,0,0,0.0
1777589171.495391687,Normal,1,50,0.0,6.5,0,0,0.0
1777589172.491794417,Normal,1,50,30.4,6.4,0,0,0.0
1777589173.493019629,Normal,1,50,30.4,5.6,0,0,0.0
1777589174.494133967,Normal,1,50,0.0,6.3,0,0,0.0
1777589175.495020923,Normal,1,50,0.0,6.6,0,0,0.0
1777589176.493553950,Normal,1,50,31.3,6.2,0,0,0.0
1777589177.493139515,Normal,1,50,0.0,6.6,0,0,0.0
1777589178.494785565,Normal,1,50,0.0,6.3,0,0,0.0
1777589179.492540977,Normal,1,50,0.0,7.2,0,0,0.0
1777589180.487884425,Normal,1,50,0.0,5.7,0,0,0.0
1777589181.489972294,Normal,1,50,0.0,6.4,0,0,0.0
1777589182.492559720,Normal,1,50,24.0,6.0,0,0,0.0
1777589183.489557850,Normal,1,50,0.0,6.2,0,0,0.0
1777589184.490886169,Normal,1,50,31.2,6.2,0,0,0.0
1777589185.490815950,Normal,1,50,0.0,6.6,0,0,0.0
1777589186.496777390,Normal,1,50,0.0,5.7,0,0,0.0
1777589187.489347026,Normal,1,50,0.0,6.6,0,0,0.0
1777589188.491229091,Normal,1,50,0.0,5.6,0,0,0.0
1777589189.488439125,Normal,1,50,30.0,6.3,0,0,0.0
1777589190.486783297,Normal,1,50,0.0,6.4,0,0,0.0
1777589191.491352985,Normal,1,50,0.0,6.3,0,0,0.0
1777589192.494716857,Normal,1,50,0.0,6.2,0,0,0.0
1777589193.491138346,Normal,1,50,0.0,6.7,0,0,0.0
1777589194.497492934,Normal,1,50,0.0,6.1,0,0,0.0
1777589195.499642431,Normal,1,47,0.0,4.0,0,0,0.0
1777589196.497240473,Normal,1,44,0.0,3.7,0,0,0.0
1777589197.500059520,Normal,1,50,0.0,6.2,0,0,0.0
1777589198.501426153,Normal,1,50,31.2,6.2,0,0,0.0
1777589199.495073431,Normal,1,50,30.8,6.7,0,0,0.0
1777589200.491719587,Normal,1,50,0.0,4.9,0,0,0.0
1777589201.495023629,Normal,1,50,0.0,6.2,0,0,0.0
1777589202.490996638,Normal,1,50,0.0,5.9,0,0,0.0
1777589203.493597406,Normal,1,50,0.0,7.0,0,0,0.0
1777589204.492321821,Normal,1,50,0.0,6.2,0,0,0.0
1777589205.491634089,Normal,1,50,32.0,7.4,0,0,0.0
1777589206.491689525,Normal,1,50,30.7,6.3,0,0,0.0
1777589207.492920319,Normal,1,50,0.0,7.2,0,0,0.0
1777589208.496221029,Normal,1,50,0.0,6.1,0,0,0.0
1777589209.489919095,Normal,1,50,0.0,6.3,0,0,0.0
1777589210.496596382,Normal,1,50,0.0,5.8,0,0,0.0
1777589211.496622084,Normal,1,50,31.4,6.5,0,0,0.0
1777589212.499064670,Normal,1,50,31.3,6.1,0,0,0.0
1777589213.495224594,Normal,1,50,0.0,5.7,0,0,0.0
1777589214.490292163,Normal,1,50,0.0,6.7,0,0,0.0
1777589215.496529686,Normal,1,44,0.0,4.4,0,0,0.0
1777589216.491395305,Normal,1,42,30.7,3.1,0,0,0.0
1777589217.500304434,Normal,1,50,0.0,6.8,0,0,0.0
1777589218.495745080,Normal,1,50,30.2,5.8,0,0,0.0
1777589219.490163426,Normal,1,50,0.0,5.9,0,0,0.0
1777589220.497166859,Normal,1,50,0.0,6.9,0,0,0.0
1777589221.493241754,Normal,1,50,0.0,6.3,0,0,0.0
1777589222.494052543,Normal,1,50,0.0,6.4,0,0,0.0
1777589223.501256338,Normal,1,50,0.0,6.1,0,0,0.0
1777589224.493655054,Normal,1,50,31.1,6.1,0,0,0.0
1777589225.499682393,Normal,1,50,0.0,6.9,0,0,0.0
1777589226.495321937,Normal,1,50,0.0,6.2,0,0,0.0
1777589227.498116733,Normal,1,50,0.0,6.5,0,0,0.0
1777589228.491158241,Normal,1,50,0.0,6.1,0,0,0.0
1777589229.493283628,Normal,1,40,30.7,2.5,0,0,0.0
1777589230.491734846,Normal,1,50,0.0,6.8,0,0,0.0
1777589231.494851660,Normal,1,48,0.0,5.7,0,0,0.0
1777589232.492338749,Normal,1,50,0.0,6.4,0,0,0.0
1777589233.489218822,Normal,1,50,0.0,5.5,0,0,0.0
1777589234.491449288,Normal,1,50,30.2,6.5,0,0,0.0
1777589235.496185896,Normal,1,48,31.5,6.6,0,0,0.0
1777589236.494477448,Normal,1,50,0.0,6.6,0,0,0.0
1777589237.493845029,Normal,1,50,0.0,6.1,0,0,0.0
1777589238.495815686,Normal,1,50,0.0,6.0,0,0,0.0
1777589239.493607155,Normal,1,50,0.0,6.1,0,0,0.0
1777589240.495382474,Normal,1,50,0.0,6.2,0,0,0.0
1777589241.493971418,Normal,1,50,0.0,5.8,0,0,0.0
1777589242.492709505,Normal,1,50,0.0,6.0,0,0,0.0
1777589243.491461150,Normal,1,50,31.2,6.1,0,0,0.0
1777589244.492898675,Normal,1,50,0.0,5.9,0,0,0.0
1777589245.494042758,Normal,1,50,0.0,5.7,0,0,0.0
1777589246.492693766,Normal,1,50,0.0,6.5,0,0,0.0
1777589247.496058739,Normal,1,50,0.0,5.7,0,0,0.0
1777589248.489292722,Normal,1,50,0.0,6.5,0,0,0.0
1777589249.497105677,Normal,1,50,31.6,6.9,0,0,0.0
1777589250.511643877,Normal,1,50,0.0,6.8,0,0,0.0
1777589251.494576530,Normal,1,50,0.0,6.2,0,0,0.0
1777589252.494318235,Normal,1,50,0.0,5.9,0,0,0.0
1777589253.492891800,Normal,1,50,30.6,6.4,0,0,0.0
1777589254.491635358,Normal,1,50,0.0,6.4,0,0,0.0
1777589255.493723022,Normal,1,50,0.0,6.3,0,0,0.0
1777589256.489904859,Normal,1,50,0.0,6.0,0,0,0.0
1777589257.494721267,Normal,1,50,0.0,5.5,0,0,0.0
1777589258.494204286,Normal,1,50,0.0,6.1,0,0,0.0
1777589259.489560018,Normal,1,50,30.8,6.1,0,0,0.0
1777589260.493353673,Normal,1,50,0.0,6.2,0,0,0.0
1777589261.493097565,Normal,1,50,0.0,6.2,0,0,0.0
1777589262.491482812,Normal,1,50,0.0,5.3,0,0,0.0
1777589263.504313774,Normal,1,50,0.0,6.7,0,0,0.0
1777589264.491753824,Normal,1,50,0.0,6.0,0,0,0.0
1777589265.499882922,Normal,1,50,0.0,6.5,0,0,0.0
1777589266.496989326,Normal,1,50,0.0,6.5,0,0,0.0
1777589267.494241375,Normal,1,50,0.0,6.4,0,0,0.0
1777589268.492885906,Normal,1,50,0.0,6.1,0,0,0.0
1777589269.498029585,Normal,1,50,0.0,5.7,0,0,0.0
1777589270.497188070,Normal,1,50,0.0,6.4,0,0,0.0
1777589271.493918873,Normal,1,50,0.0,5.9,0,0,0.0
1777589272.496680631,Normal,1,50,0.0,5.5,0,0,0.0
1777589273.496832321,Normal,1,50,0.0,5.9,0,0,0.0
1777589274.496296724,Normal,1,50,0.0,6.0,0,0,0.0
1777589275.494669034,Normal,1,50,0.0,6.3,0,0,0.0
1777589276.493170050,Normal,1,50,0.0,5.9,0,0,0.0
1777589277.491440141,Normal,1,50,0.0,7.0,0,0,0.0
1777589278.494375269,Normal,1,50,0.0,5.6,0,0,0.0
1777589279.495917689,Normal,1,50,31.3,5.8,0,0,0.0
1777589280.505785136,Normal,1,50,0.0,5.9,0,0,0.0
1777589281.497134437,Normal,1,50,0.0,6.3,0,0,0.0
1777589282.491878269,Normal,1,50,0.0,6.1,0,0,0.0
1777589283.494642921,Normal,1,50,0.0,5.7,0,0,0.0
1777589284.490850777,Normal,1,50,0.0,6.6,0,0,0.0
1777589285.493879869,Normal,1,50,0.0,6.4,0,0,0.0
1777589286.493999296,Normal,1,50,0.0,6.3,0,0,0.0
1777589287.497739066,Normal,1,50,0.0,5.3,0,0,0.0
1777589288.493033161,Normal,1,50,0.0,6.2,0,0,0.0
1777589289.491146486,Normal,1,50,0.0,6.0,0,0,0.0
1777589290.494382606,Normal,1,50,0.0,6.1,0,0,0.0
1777589291.489565412,Normal,1,50,31.6,6.8,0,0,0.0
1777589292.499107462,Normal,1,50,0.0,6.4,0,0,0.0
1777589293.493182254,Normal,1,50,0.0,5.9,0,0,0.0
1777589294.493685430,Normal,1,50,0.0,5.9,0,0,0.0
1777589295.489904444,Normal,1,50,0.0,5.6,0,0,0.0
1777589296.495486837,Normal,1,50,30.8,6.6,0,0,0.0
1777589297.493860070,Normal,1,50,31.2,6.4,0,0,0.0
1777589298.494080768,Normal,1,50,0.0,6.3,0,0,0.0
1777589299.496247809,Normal,1,50,30.4,5.9,0,0,0.0
1777589300.492914749,Normal,1,50,31.5,6.5,0,0,0.0
1777589301.494290717,Normal,1,50,0.0,5.5,0,0,0.0
1777589302.496834804,Normal,1,50,29.7,5.7,0,0,0.0
1777589303.492483792,Normal,1,50,0.0,6.1,0,0,0.0
1777589304.490741658,Normal,1,50,30.5,6.1,0,0,0.0
1777589305.493053555,Normal,1,50,30.1,5.7,0,0,0.0
1777589306.496932782,Normal,1,50,0.0,6.0,0,0,0.0
1777589307.495756819,Normal,1,50,0.0,6.8,0,0,0.0
1777589308.494348850,Normal,1,50,0.0,5.3,0,0,0.0
1777589309.492605985,Normal,1,50,29.7,6.1,0,0,0.0
1777589310.493670550,Normal,1,50,0.0,5.7,0,0,0.0
1777589311.492015328,Normal,1,50,0.0,6.6,0,0,0.0
1777589312.495727475,Normal,1,50,0.0,6.0,0,0,0.0
1777589313.496840196,Normal,1,50,0.0,6.6,0,0,0.0
1777589314.490589340,Normal,1,50,31.7,6.1,0,0,0.0
1777589315.491171876,Normal,1,50,30.7,6.6,0,0,0.0
1777589316.490618050,Normal,1,44,0.0,4.0,0,0,0.0
1777589317.493124760,Normal,1,50,30.9,6.3,0,0,0.0
1777589318.491222764,Normal,1,50,31.0,7.3,0,0,0.0
1777589319.489589764,Normal,1,40,0.0,2.1,2,0,0
1777589320.498475097,Normal,1,50,0.0,6.7,0,0,0.0
1777589321.491330073,Normal,1,40,0.0,1.0,1,5,.8333
1777589322.490397624,Normal,1,40,0.0,1.7,0,0,0.0
1777589323.491498298,Normal,1,50,0.0,6.2,0,0,0.0
1777589324.494556516,Normal,1,41,0.0,1.0,2,5,.7142
1777589325.490190766,Normal,1,50,0.0,6.6,0,0,0.0
1777589326.491750484,Normal,1,31,-21.1,-1.7,4,2,.3333
1777589327.492944969,Normal,1,45,0.0,4.6,2,0,0
1777589328.492841704,Normal,1,50,0.0,5.9,0,0,0.0
1777589329.492095670,Normal,1,42,0.0,2.4,1,5,.8333
1777589330.489312376,Normal,1,45,0.0,3.9,0,0,0.0
1777589331.498021962,Normal,1,48,0.0,3.9,1,5,.8333
1777589332.487674060,Normal,1,43,0.0,3.4,0,0,0.0
1777589333.490178992,Normal,1,50,0.0,6.2,0,0,0.0
1777589334.489659288,Normal,1,43,0.0,3.8,0,0,0.0
1777589335.499009614,Normal,1,44,0.0,4.4,0,0,0.0
1777589336.496062814,Normal,1,50,0.0,6.0,0,0,0.0
1777589337.491639214,Normal,1,44,0.0,4.4,0,0,0.0
1777589338.493544313,Normal,1,45,0.0,4.2,0,0,0.0
1777589339.490233887,Normal,1,50,0.0,6.2,0,0,0.0
1777589340.492350403,Normal,1,33,-24.2,-1.0,1,0,0
1777589341.491999210,Normal,1,50,20.5,5.9,1,0,0
1777589342.488692331,Normal,1,50,0.0,5.6,0,0,0.0
1777589343.493061807,Normal,1,50,0.0,5.9,0,0,0.0
1777589344.493490338,Normal,1,50,0.0,6.0,0,0,0.0
1777589345.493014318,Normal,1,50,29.9,6.0,0,0,0.0
1777589346.493785122,Normal,1,50,0.0,5.8,0,0,0.0
1777589347.490549880,Normal,1,50,0.0,6.1,0,0,0.0
1777589348.487629418,Normal,1,50,0.0,5.3,0,0,0.0
1777589349.497825272,Normal,1,42,-26.8,1.8,1,5,.8333
1777589350.500932473,Normal,1,50,0.0,5.2,0,0,0.0
1777589351.494549352,Normal,1,50,20.5,6.0,0,0,0.0
1777589352.490805752,Normal,1,50,29.9,6.0,0,0,0.0
1777589353.496318196,Normal,1,50,31.9,6.6,0,0,0.0
1777589354.492159934,Normal,1,50,0.0,6.4,0,0,0.0
1777589355.494181745,Normal,1,50,29.4,6.2,0,0,0.0
1777589356.492108682,Normal,1,50,31.0,6.4,0,0,0.0
1777589357.487660092,Normal,1,50,0.0,6.7,0,0,0.0
1777589358.492618394,Normal,1,50,0.0,6.1,0,0,0.0
1777589359.489020701,Normal,1,50,0.0,6.2,0,0,0.0
1777589360.493716464,Normal,1,50,30.3,5.8,0,0,0.0
1777589361.489403501,Normal,1,50,0.0,5.6,0,0,0.0
1777589362.492496891,Normal,1,50,0.0,6.1,0,0,0.0
1777589363.491605374,Normal,1,50,0.0,6.0,0,0,0.0
1777589364.490290905,Normal,1,50,0.0,6.3,0,0,0.0
1777589365.489299976,Normal,1,50,0.0,6.2,0,0,0.0
1777589366.493048609,Normal,1,50,0.0,6.0,0,0,0.0
1777589367.489881515,Normal,1,50,0.0,6.3,0,0,0.0
1777589368.490958653,Normal,1,50,31.3,5.8,0,0,0.0
1777589369.497556869,Normal,1,49,31.9,6.1,0,0,0.0
1777589370.490842417,Normal,1,50,0.0,6.3,0,0,0.0
1777589371.492228375,Normal,1,50,0.0,5.1,0,0,0.0
1777589372.490789626,Normal,1,50,0.0,5.6,0,0,0.0
1777589373.488442202,Normal,1,50,0.0,5.9,0,0,0.0
1777589374.490156307,Normal,1,50,0.0,5.8,0,0,0.0
1777589375.488074323,Normal,1,48,0.0,6.4,0,0,0.0
1777589376.488716457,Normal,1,48,0.0,6.2,0,0,0.0
1777589377.486821898,Normal,1,50,0.0,6.5,0,0,0.0
1777589378.489431252,Normal,1,50,0.0,6.2,0,0,0.0
1777589379.491252097,Normal,1,50,0.0,5.5,0,0,0.0
1777589380.490482705,Normal,1,50,0.0,5.3,0,0,0.0
1777589381.491576031,Normal,1,50,0.0,6.4,0,0,0.0
1777589382.488726008,Normal,1,50,0.0,5.9,0,0,0.0
1777589383.490641246,Normal,1,50,0.0,5.2,0,0,0.0
1777589384.490960348,Normal,1,50,0.0,5.7,0,0,0.0
1777589385.489787414,Normal,1,50,0.0,6.1,0,0,0.0
1777589386.488469517,Normal,1,50,0.0,5.7,0,0,0.0
1777589387.490553890,Normal,1,50,0.0,5.8,0,0,0.0
1777589388.493662949,Normal,1,50,0.0,6.1,0,0,0.0
1777589389.492808605,Normal,1,50,0.0,5.6,0,0,0.0
1777589390.491086452,Normal,1,50,0.0,5.3,0,0,0.0
1777589391.493453620,Normal,1,50,30.5,6.7,0,0,0.0
1777589392.489374600,Normal,1,50,0.0,5.6,0,0,0.0
1777589393.492919207,Normal,1,50,0.0,5.8,0,0,0.0
1777589394.490104534,Normal,1,50,0.0,6.1,0,0,0.0
1777589395.491623204,Normal,1,50,0.0,5.7,0,0,0.0
1777589396.489882373,Normal,1,50,30.4,6.4,0,0,0.0
1777589397.489335249,Normal,1,50,30.3,6.2,0,0,0.0
1777589398.489763997,Normal,1,50,0.0,6.6,0,0,0.0
1777589399.486324382,Normal,1,50,0.0,5.8,0,0,0.0
1777589400.487950673,Normal,1,50,30.8,6.1,0,0,0.0
1777589401.493503778,Normal,1,50,0.0,6.2,0,0,0.0
1777589402.488053182,Normal,1,50,0.0,5.9,0,0,0.0
1777589403.483204123,Normal,1,50,0.0,5.7,0,0,0.0
1777589404.488251192,Normal,1,50,30.2,6.1,0,0,0.0
1777589405.482787971,Normal,1,50,0.0,6.2,0,0,0.0
1777589406.484195471,Normal,1,50,0.0,6.6,0,0,0.0
1777589407.489753044,Normal,1,50,0.0,5.6,0,0,0.0
1777589408.488252422,Normal,1,44,0.0,3.6,0,0,0.0
1777589409.493172717,Normal,1,50,0.0,6.3,0,0,0.0
1777589410.492732412,Normal,1,50,0.0,6.2,0,0,0.0
1777589411.489902504,Normal,1,50,32.5,5.3,0,0,0.0
1777589412.490525809,Normal,1,50,0.0,6.5,0,0,0.0
1777589413.488812523,Normal,1,50,0.0,5.9,0,0,0.0
1777589414.491191891,Normal,1,50,0.0,5.2,0,0,0.0
1777589415.486672526,Normal,1,50,0.0,6.4,0,0,0.0
1777589416.491546345,Normal,1,50,0.0,5.8,0,0,0.0
1777589417.489283592,Normal,1,50,29.7,6.0,0,0,0.0
1777589418.487802224,Normal,1,50,30.9,6.7,0,0,0.0
1777589419.490139604,Normal,1,50,0.0,5.5,0,0,0.0
1777589420.486878977,Normal,1,50,0.0,6.0,0,0,0.0
1777589421.487188592,Normal,1,50,31.0,5.3,0,0,0.0
1777589422.491236628,Normal,1,50,0.0,6.2,0,0,0.0
1777589423.493287414,Normal,1,50,0.0,6.7,0,0,0.0
1777589424.492953071,Normal,1,50,0.0,5.5,0,0,0.0
1777589425.489024215,Normal,1,50,0.0,6.2,0,0,0.0
1777589426.489959427,Normal,1,50,0.0,6.1,0,0,0.0
1777589427.495642592,Normal,1,50,30.5,6.1,0,0,0.0
1777589428.488842838,Normal,1,50,0.0,6.2,0,0,0.0
1777589429.486959097,Normal,1,50,0.0,6.4,0,0,0.0
1777589430.489615594,Normal,1,50,29.7,6.7,0,0,0.0
1777589431.494486034,Normal,1,50,29.8,6.7,0,0,0.0
1777589432.490568668,Normal,1,50,0.0,6.4,0,0,0.0
1777589433.489377856,Normal,1,50,0.0,6.4,0,0,0.0
1777589434.493662622,Normal,1,50,0.0,5.7,0,0,0.0
1777589435.489665219,Normal,1,50,0.0,6.6,0,0,0.0
1777589436.497055337,Normal,1,50,0.0,5.8,0,0,0.0
1777589437.488975789,Normal,1,50,0.0,6.7,0,0,0.0
1777589438.489919860,Normal,1,50,0.0,6.0,0,0,0.0
1777589439.494081577,Normal,1,38,0.0,-0.3,1,7,.8750
1777589440.488216604,Normal,1,50,0.0,6.1,0,0,0.0
1777589441.492400376,Normal,1,50,0.0,6.3,0,0,0.0
1777589442.483671436,Normal,1,50,0.0,5.7,0,0,0.0
1777589443.489810288,Normal,1,50,0.0,6.3,0,0,0.0
1777589444.495226453,Normal,1,50,30.6,5.8,0,0,0.0
1777589445.492726069,Normal,1,50,0.0,5.4,0,0,0.0
1777589446.494559619,Normal,1,50,0.0,6.4,0,0,0.0
1777589447.495246954,Normal,1,50,30.1,6.3,0,0,0.0
1777589448.491359066,Normal,1,50,0.0,6.2,0,0,0.0
1777589449.494220492,Normal,1,50,0.0,6.4,0,0,0.0
1777589450.495978774,Normal,1,50,0.0,6.4,0,0,0.0
1777589451.488438824,Normal,1,50,0.0,6.9,0,0,0.0
1777589452.494061020,Normal,1,50,0.0,5.9,0,0,0.0
1777589453.492509565,Normal,1,50,0.0,5.6,0,0,0.0
1777589454.492347374,Normal,1,50,0.0,6.4,0,0,0.0
1777589455.487977957,Normal,1,50,0.0,6.0,0,0,0.0
1777589456.488707148,Normal,1,50,0.0,6.2,0,0,0.0
1777589457.493561030,Normal,1,49,0.0,6.1,0,0,0.0
1777589458.490326025,Normal,1,40,0.0,2.4,0,0,0.0
1777589459.497984329,Normal,1,41,0.0,1.3,0,5,1.0000
1777589460.498534891,Normal,1,50,0.0,6.4,1,0,0
1777589461.491339386,Normal,1,41,0.0,2.8,0,0,0.0
1777589462.488926158,Normal,1,50,0.0,6.2,0,0,0.0
1777589463.490168154,Normal,1,50,0.0,6.1,0,0,0.0
1777589464.492834300,Normal,1,50,0.0,6.2,0,0,0.0
1777589465.492990099,Normal,1,44,0.0,3.2,0,0,0.0
1777589466.493727296,Normal,1,32,0.0,-2.2,1,5,.8333
1777589467.497682185,Normal,1,43,0.0,1.5,1,6,.8571
1777589468.489726711,Normal,1,50,0.0,6.2,0,0,0.0
1777589469.498388624,Normal,1,43,0.0,2.8,3,5,.6250
1777589470.495594777,Normal,1,50,0.0,5.7,0,0,0.0
1777589471.491751999,Normal,1,50,0.0,5.3,0,0,0.0
1777589472.490481380,Normal,1,50,0.0,6.5,0,0,0.0
1777589473.492068859,Normal,1,50,30.7,6.5,0,0,0.0
1777589474.488860673,Normal,1,31,0.0,-1.3,0,0,0.0
1777589475.487456006,Normal,1,41,0.0,2.7,0,0,0.0
1777589476.489045290,Normal,1,50,31.7,6.7,0,0,0.0
1777589477.493501457,Normal,1,40,0.0,-0.3,4,7,.6363
1777589478.491024772,Normal,1,43,0.0,3.1,0,6,1.0000
1777589479.489717524,Normal,1,40,0.0,-0.9,4,14,.7777
1777589480.492213386,Normal,1,33,0.0,-2.1,0,10,1.0000
1777589481.492150589,Normal,1,50,0.0,5.5,1,0,0
1777589482.495038532,Normal,1,44,0.0,2.8,4,2,.3333
1777589483.488217200,Normal,1,50,0.0,6.6,0,0,0.0
1777589484.486773382,Normal,1,50,30.2,5.6,0,0,0.0
1777589485.492651443,Normal,1,50,0.0,6.2,0,0,0.0
1777589486.494227623,Normal,1,50,0.0,5.8,0,0,0.0
1777589487.496621493,Normal,1,50,0.0,6.0,0,0,0.0
1777589488.490804754,Normal,1,50,30.8,7.0,0,0,0.0
1777589489.491386444,Normal,1,50,0.0,5.7,0,0,0.0
1777589490.488230202,Normal,1,50,0.0,6.1,0,0,0.0
1777589491.487350363,Normal,1,50,0.0,6.5,0,0,0.0
1777589492.489860573,Normal,1,50,0.0,7.2,0,0,0.0
1777589493.489097491,Normal,1,50,31.1,6.7,0,0,0.0
1777589494.488252617,Normal,1,50,0.0,5.9,0,0,0.0
1777589495.488680135,Normal,1,50,30.0,6.3,0,0,0.0
1777589496.488677127,Normal,1,50,0.0,6.5,0,0,0.0
1777589497.489913404,Normal,1,50,32.1,6.4,0,0,0.0
1777589498.490152395,Normal,1,50,0.0,5.9,0,0,0.0
1777589499.488476743,Normal,1,50,0.0,5.5,0,0,0.0
1777589500.490456307,Normal,1,50,0.0,6.2,0,0,0.0
1777589501.491597116,Normal,1,50,0.0,5.3,0,0,0.0
1777589502.493882132,Normal,1,50,31.4,6.3,0,0,0.0
1777589503.493249993,Normal,1,50,0.0,6.2,0,0,0.0
1777589504.492073300,Normal,1,50,30.7,6.2,0,0,0.0
1777589505.493639927,Normal,1,50,0.0,6.2,0,0,0.0
1777589506.486727887,Normal,1,50,0.0,6.2,0,0,0.0
1777589507.490102508,Normal,1,50,0.0,6.7,0,0,0.0
1777589508.489681913,Normal,1,50,30.8,6.4,0,0,0.0
1777589509.493039050,Normal,1,50,0.0,6.0,0,0,0.0
1777589510.495457388,Normal,1,50,0.0,6.6,0,0,0.0
1777589511.493535044,Normal,1,50,0.0,6.0,0,0,0.0
1777589512.514408234,Normal,1,50,30.3,6.9,0,0,0.0
1777589513.494234922,Normal,1,50,0.0,5.9,0,0,0.0
1777589514.490188233,Normal,1,50,0.0,5.6,0,0,0.0
1777589515.489123830,Normal,1,50,0.0,5.8,0,0,0.0
1777589516.489360973,Normal,1,50,31.0,5.8,0,0,0.0
1777589517.488699321,Normal,1,50,31.0,6.7,0,0,0.0
1777589518.492787947,Normal,1,50,0.0,6.2,0,0,0.0
1777589519.490730418,Normal,1,50,0.0,5.3,0,0,0.0
1777589520.491849170,Normal,1,50,0.0,5.8,0,0,0.0
1777589521.490896280,Normal,1,50,0.0,5.7,0,0,0.0
1777589522.492007771,Normal,1,50,0.0,6.7,0,0,0.0
1777589523.497141144,Normal,1,50,0.0,5.7,0,0,0.0
1777589524.493058289,Normal,1,50,31.0,6.5,0,0,0.0
1777589525.493241831,Normal,1,50,0.0,5.7,0,0,0.0
1777589526.489951543,Normal,1,50,30.5,6.3,0,0,0.0
1777589527.496565421,Normal,1,50,0.0,6.0,0,0,0.0
1777589528.490981689,Normal,1,50,0.0,5.9,0,0,0.0
1777589529.490740134,Normal,1,50,0.0,5.4,0,0,0.0
1777589530.488020202,Normal,1,50,30.6,6.7,0,0,0.0
1777589531.495348140,Normal,1,50,0.0,5.6,0,0,0.0
1777589532.493972516,Normal,1,50,30.2,6.2,0,0,0.0
1777589533.486822260,Normal,1,50,0.0,5.8,0,0,0.0
1777589534.489730811,Normal,1,50,0.0,6.1,0,0,0.0
1777589535.495584804,Normal,1,50,0.0,6.1,0,0,0.0
1777589536.490556228,Normal,1,50,0.0,6.4,0,0,0.0
1777589537.490869991,Normal,1,50,0.0,5.8,0,0,0.0
1777589538.501668039,Normal,1,50,30.3,4.9,0,0,0.0
1777589539.495870105,Normal,1,50,0.0,6.0,0,0,0.0
1777589540.494788188,Normal,1,50,0.0,5.8,0,0,0.0
1777589541.491708908,Normal,1,50,0.0,5.6,0,0,0.0
1777589542.497608413,Normal,1,42,0.0,2.6,0,0,0.0
1777589543.495994066,Normal,1,50,0.0,6.2,0,0,0.0
1777589544.496771127,Normal,1,50,30.8,6.6,0,0,0.0
1777589545.495506549,Normal,1,50,30.9,6.6,0,0,0.0
1777589546.501101764,Normal,1,50,0.0,6.3,0,0,0.0
1777589547.505729857,Normal,1,50,29.6,6.3,0,0,0.0
1777589548.500702851,Normal,1,50,0.0,6.8,0,0,0.0
1777589549.497229219,Normal,1,50,0.0,6.8,0,0,0.0
1777589550.504534199,Normal,1,50,0.0,6.6,0,0,0.0
1777589551.503444888,Normal,1,50,0.0,6.9,0,0,0.0
1777589552.498361579,Normal,1,50,30.1,6.5,0,0,0.0
1777589553.503900093,Normal,1,50,30.4,5.8,0,0,0.0
1777589554.495637711,Normal,1,50,0.0,6.2,0,0,0.0
1777589555.493633119,Normal,1,50,0.0,5.6,0,0,0.0
1777589556.495079131,Normal,1,50,30.7,6.3,0,0,0.0
1777589557.491439429,Normal,1,41,30.9,2.5,0,0,0.0
1777589558.496453450,Normal,1,50,0.0,6.4,0,0,0.0
1777589559.493723459,Normal,1,49,30.6,6.5,0,0,0.0
1777589560.491651487,Normal,1,50,0.0,5.8,0,0,0.0
1777589561.491246898,Normal,1,50,0.0,5.6,0,0,0.0
1777589562.496017481,Normal,1,50,0.0,6.3,0,0,0.0
1777589563.494127148,Normal,1,50,0.0,6.9,0,0,0.0
1777589564.487678593,Normal,1,50,0.0,6.2,0,0,0.0
1777589565.486810501,Normal,1,50,0.0,6.5,0,0,0.0
1777589566.491688346,Normal,1,49,29.9,6.3,0,0,0.0
1777589567.490731282,Normal,1,47,0.0,6.6,0,0,0.0
1777589568.493474509,Normal,1,0,0.0,-13.2,2,6,.7500
1777589569.490928638,Normal,1,2,0.0,-12.6,3,0,0
1777589570.495170605,Normal,1,1,6.8,-12.9,3,1,.2500
1777589571.495285122,Normal,1,0,0.0,-13.4,3,2,.4000
1777589572.495675040,Normal,1,0,-19.0,-12.5,3,3,.5000
1777589573.495567469,Normal,1,0,0.0,-12.9,2,2,.5000
1777589574.500156475,Normal,1,1,-35.6,-13.7,0,18,1.0000
1777589575.487040516,Normal,1,0,0.0,-14.4,0,17,1.0000
1777589576.490151024,Normal,1,1,-23.8,-14.7,1,42,.9767
